Wild type sequences:	
B.rapa_Brara.G00896.1.p_Macovei	MAGRAWLVDKNRIATKILSASDPCPTVWNTNPTRHCPNCHHVIDNSHEVDDWPGLPRGVKFDPSDPEIIWHLLAKTGSLGLTPHPFIDEFIPTVDQDDGICYTHPKNLPGVKHDGTMSHFFHRAIKAYSTGTRKRRKIQDDDLGDVRWHKTGRTKTVVLDGVQRGCKKIMVLYEGKSVKTNWVMHQYHLGTDEDEKDGQYVVSKIFYQQPQQQGVLQKGGDKAEEEVSEDIFAAATTTPKADPVTPRLFTPEPGRQAVPLRSDSHFANDYVTAQEVSLAETSEAMYMEDEVQRNVERPSSEDEPAPETMIHDKEDENDQENKEGEENHQAEEEENLLDSGGSQFILNSQQLVEALALCDDLLQVGSQDANNGGGGGGLRNKQQPCFGDYAHLGGTDDFKRDLEDCQKLVLDPCNIDLDTPPEFRLSQLEFGSQESFLAWGTGKTD
S.bicolor_Sobic.010G111800.2.p_Macovei	MPRRFFFFAVDGSSGQMMTFLYFGFNDKEDMSTVRMKTTWIIDSQRFATKIKNASGSSDPSKQKWISNPSKECPKCSHVIDNSDVVHHWPGLPKGVKFDPSDQELIWHLLAKHGKSDIKPHPFIDEFIPTVEEDEGICYTHPQKLPGVKQNGSVSHFFHRTFKAYNTGTRKRRKINTVDADVRWHKTGKTKPVLLDGKQLGSKKIMVLYMSPAKGGKAEKTNWVMHQYHLGIGEDERDGEYVVSKLFFQQQFKPGDKNAQELTTSDDLESIAAEADLTDFTTLPADKHVGTIQVVHNSEHNLNQVTTSDDLESMAAEADLPDFTTLPADKHVGTIQEVQNPEHNLYQVNRNCEINIEETVVLPPSEKTEDGDNPQSQDPKLWEGDSQFELLDSQQLAEGLALCDEFLLSQSQTSCGGGDEPRVTKPCLAAYAHLSTEDFKKDLEECQRLEPTDNTNLELDSTNEFRLSQIEFSQDSFTTWAVGKMTDD
E.grandis_Eucgr.G02349.1.p_Macovei	MAGPSWLVDSHRIATKIRSASGASDPEKVKWKSNPTRACPNCQHVIDNSDVAKQWPGLPTGVKFDPSDSEIMHHLLAKAGFEGLKSHPFIEEFIPTVDEDDGICYTHPRNLPGVKQDGSVAHFFHRAIKAYNTGTRKRRKILGDDFGDVRWHKTGKTKPVMVDGVQKGWKKIMVLYTNLVRGGKSEKTNWKMHQYHLGTEEDEKDGEFVISKIFYDHQQQQLDQGEKNEQNNRERVDATTMKADPVSPKSATPNPPRTERRSCDSDPVQDSACGGPLAQHVETQCADLDGPLEIENPQHREQTISAPEMMVDGDQQAEEESKWWDSESQNLLDSQQLVEGLSLCDEFLQSQSPNRDDINHHVESKKRILLSDYAKLGPEDLKKDLEECHNLALDPANIELDTPPDFRLSQLEFGSQDSFLAWGGSKVVD
V.vinifera peptide_GSVIVT01011954001_Macovei	MSWLVDSNRFATKIKNASGTRETERVKWKSNPSRACPNCQHIIDNSDVTQEWPGLPRGVKFDPSDQEIIWHLLAKVGVGNLEAHPFIDEFIPTVEEDDGICYTHPQNLPGVKQDGSAAHFFHQAIKAYNTGTRKRRKIHGDVFGDVRWHKTGKTKPVILDGVQRGCKKIMVLYASIVRGGKPEKTNWVMHQYHLGTGEDEKDGEYVISKVFYQQQQIKQSDKIEQDFPESSGALIAKVDPVTPKSATPEHPLTERRNSDFNPGQESPIACMDSSVQQPDMGHLEGEVQTECEQIDCQNILKAENRVDEVLDHNDNHGEEEAKWWDNESQFLLDSQQLVEGLSICDEFLQSQSPNREGHENGNDGHVTSKPRLSDYANLGAEDLKKDLEDCQDLVLDPANIELDTPPDFRLSQLEFGSQDSFIAWGGEQGG
PopulusTrichocarpaSOG1_Lib1	MAGPWLVDGNRFATKIKSASSASNHERVAWKSDPCKTCPNCHHVIDNSDVVQEWPGLPRGVKFDPSDQEIIWHLLAKAGNGGIKSHPFIKEFIPTVENDDGICYTHPKNLPGVKQDGSISHFFHRAIKAYNTGTRKRRKIQGDDSGDVRWHKTGRTKPVILDGVQKGCKKIMVLYTSTVRGGKAEKTNWVMHQYHLGTGEDERDGEYVVSKVFYQQQAANKGEKTEEDLSEIANAVVAKVDPVTPKSVTPDPPRAERRCQDFDLGKESTNVCTEPYAEHPGVENLEEANLQHESPCYNDQPGMENHVDQMVGDNDNCAEEGTKWWDSESQHLLDSQQLVEGLSLCDEFLQSQSPSRGGHGTGASGKSGLSDYARLGPEHLKKDLEECQNLELDPANIELDTPPEFRLSQLEFGSQDSFMAWGEGRVAD
Nicotianatabacum(tobacco)_A0A1S3X2K2_TAIR	MCYRFRRPSWLVDSKRIATKIKSASGDPGAVNWKSNPTKACPNCQFIIDNNDVSNDWPGLPRGVKFDPTDQEIIWHLLGKVGVGNWNSHPFIDEFIPTVDEDDGICYTHPQNLPGVKQDGSVSHFFHRAVKAYNTGTRKRRKIHGDNFGDVRWHKTGRTKPVILDGIQRGCKKIMVLYVSPIKGGKAEKTNWVMHQYHLGTGEDEREGEYVVSKVFYQQQQQVKQGEKIEEELPEDSECLVAKVDPHTPKSVTPEPPCGERLSSSMDARQQIAASGINPITQFHDVDYIEDDMRALPEQTENQDQIIENQIDETGTKVDNETGDDPKWWDSESQYLLDSQQLVEGLSLCDDLLASQSPNRDGNENDKENSKPSLADYAQLGPEDLKKDLEECQHLVLDPANIDMDTPPDFRLSQLDFGSQDSYIAWGGSKFGFDSGEHGG
G.max_Glyma.10G204700.1.p_Macovei	MAGPSWLVDKSRIATKIKNVSGTCGKVIWKSNPSRACPSCHHVIDNSDVAQEWPGLPLGVKFDPSDQEIIWHLLAKVGAGNSKPHPFIDEFITSLEVDDGICYTHPQHLPGVKQDGSASHLFHRAIKAYNTGSRKRRKICGQDFGDVRWHKTGRTKPVILNGVQKGCKKIMVLYISPVRGGKPEKTNWVMHQYHLGTEEDEKDGEYVISKVFYQQQQVKFGEKGDQDIPETTEATTVKVDPVTPKSVTPEPPRIENRWSNLDLGQESHHIPQHPQTDCLEDLQADCEDLAKDDLLIVETENNEGIDNIENNAEEDSKWWDSESQNLLSSQQLVEALFLCDDLLQSQSPKRDGENEHKKRSSLSVYANLGPEHLKKDIVECQNLVLDTANVVPETPPSEFQLSQLDFSSQDSFVSWCASKAFD
Selaginellamoellendorffii(spikemoss)_D8RBR5_TAIR	MSQAPQDWTGLPAGVKFDPNDKEILDHLAAKIGRGGKPHALIDEFIPTLEDDEGICSKHPEKLPGVKSDGSSSHFFHRPSNAYTKGTRKRRKVQTDDDDETRWHKTGKTRPVMENGEVIGWKKIMVLYTNFKKKSKPKKTNWVIHQYHVGIHEDEREGELVMSKVFFQTQPR
MarchantiaPolymorphaSOG1_Lib1	MKNRDHRDRWGRFMDQLVRQIDNATHQRNDAYSLAQDDTTALPGLEVREDCPSCGHHVGRRTAMDWVGLPAGVRFDPSDEELLRHLAAKVGVGKEVSHPRIDDFISHLDGNDGICQTHPENLPGVKTDGSSRHFFHKPAKAYTTGTRKRRKIHNEDEESGVETRWHKTGKTRPVLDGGQHLGWKKIMVLYRNLYSGKKKAKSEKTNWILHQYHLGPEEEERDGELVVCKVFFQKQPRQCTGGKQYDGVFAEGNSSKAETCQPQPRSNREIVVGASVSDVSRGTLITPKRDAPVRPQFSRHRTREASPPVQAPPESVTTRTPTQSGRGSEMTVMGKSDHLTSELTSTLGISHRLPQSLTPCVKTGSLQSGGLVQSVPFEELFSENGSPDLYEEVSTSGKSCQNENAMAAVEYPPRDDYHEQPYPVMDTEGNVIGLTDLECDEELLPISWDWDANLDIEGGGGVDGLLDTPYHFNPHTDYFYTFDEYLLSTPPAIFPDLKLTSQEASEVMRSIDPNDNSDSLSST
PhyscomitriumPatensSOG1_Lib1	MDRVASNRILGASKLRCDNNAAAHVKLDSFPAGVRFDPSDEELLEHLAAKIGRSSRKPHPFLDEFIHTLVEEDGICRTHPENLPGVKKDGSSCHYFHRPSMAYTTGTRKRRKIQTDDVPDGGTDVRWHKTGKTRPVSQCGKILGHKKIMVLYRAMGKKSKNLKTNWVMHQYHLGSNEEETDGELVVCKVFFQKAPRSCPSRKMEVLAVDDEDCEPSESDIGFQAPGLSGYSPSVSVVTRGLPPLSPLSCKPSRTAKQLYAEPTESNSEIFDPQLLATQSKQKAVFARSRINQYNDEGIGEDIGVDMNHKATACVVYKPGGSLVQTMRAAVYADNQDTHINGGLSGHLSREGEDESFQAVNLDEEGSWGLDQVMEAEHIEQDPSIMGLLCDEHLDGDPLAEDANYEDFNFRSLSYDVGCSVEEELFRVLTGVERSVVDPALDALELDTPPDMLEYPVVTSQEVKDWLGKHPILGLDNTDSQSTT
Amborellatrichopoda_W1NK30_TAIR	MVTQDWPGLPRGVKFDPSDQELLGHLAAKVGVDGAKLHPFIDEFIMTLYEEDGICYTHPQKLPGVKQDGSVCHFFHRTVKAYNSGTRKRRKILNHLNPCSGDVRWHKTGKTRQVIVDGVHRGCKKIMVLYMSTGKGGKPEKTNWVMHQYHLGTEDDEKDGDFVVSKVLYQQQLKPCEKNDQDMPEETAPTSVDPVDPVTPVAMVPGPFRPSKQQPDIDSLQEPKSVCEESSAQVIDPDTTGENCASSQPHWDENVEDQEINSVGDSKWWEGESQFLLDSQQLLDGLYLCDEILQGQSLREDDRSKKVVPCLSEYTNIGAAHLKKDLESCQNLSQSELPKIEFDQPGLRLNQLDTPLDFHLSQLDTPPSDLRLSQLDTPPDFRLSQLDLPSGSQDSFLGWASKGT
OryzaSativaSOG1_Lib1	MTGTSWIIDSHRIASKIKNASGSVDASKHKWVSNPTKACPRCNHIIDNSDVVHQWPGLPRGVKFDPTDQELLWHLLAKHGKVGAKAHPFIDEFIPTVEEDDGICYTHPQKLPGVKQDGSVSHFFHRTFKAYNTGIRKRRKINTGDLADVRWHKTGKTRPVVVDGKHLGCKKFMVLYMSTMKGGKPEKTNWVMHQYHLGTGEDEVEGQYVVSKLLFQQQFKPGEKNAQDLTSADALESIVAEDLPNIPPLPLEEHVFTNQELEVLEKSETITDQGKETSEINNEDNAVEDVAHMATEKPEDGDNPSSQDPKWWEGESQFLLDSQQLAENLAICDEFLQSQSQTSCGGGDDETDKIKPRLAVYAQLPVEDLKKDLEECQRLDPSDGTNLELENASEFRLSQIEFSQDSFTTAWAGGKVID
B.distachyon_Bradi1g43840.1.p_Macovei	MTGTSWLIDSQRIASKIKNVSGSMDLSKQKWVSNPTKECPRCSHIIDNSDVVHQWPGLPKGVKFDPSDQELLSHLLAKHDKAGAEPHPFIDEFIPTVEEDDGICYTHPQKLPGLKQDGSVSHFFHRTYKAYNTGTRKRRRINTGDLADVRWHKTGKTKPVMVDGKHLGCKKIMVLYMSTVKGGKPKKTNWVMHQYHLGTGEDEQNGEYVVSKLFFQQQFKPGEKYAEELTTADALETIAAEADLPDLPEPALDEQGEEHISSITNQEVLHNNEHTADREALPYQQFKPGEKNAQELTTADALETIAAEEDLPDLPEPALDEREEDICSITNQEVLHNNEHTADPEALPYQESRNCDITMEEKAAEEDAAYPSSEKPEDGDNPSSQDPKWWDGESQFLLTSQQLAESLPCLDEFLQSQTSGDEQDTIKPKLADYANLPVEDLKQDLEKCHELGLSDADFRLSQIEFSQDSCTAAWAGGNMLD
ZeaMaysSOG1_Lib1	MTGTTWIIDSQRFATKIKNASGSSDPSKQKWIGNPSKECPKCSHVIDNSDVVHQWPGLPKGVKFDPSDQELIWHLMAKHGKSGIKPHPFIDEFIPTVEEDEGICYTHPQKLPGVKQNGSVSHFFHRTFKAYNTGTRKRRRINTDDADVRWHKTGNTKPVLVDGKHLGCKKIMVLYISPLKGGKAEKTNWVIHQYHLGTGEDERDGEYVVSKIFFQQQFKPRDKNAQELTTSDDLESMAAESNLPDFTTLPTDKHVGTVQEVVHNPEHNLYQLNRNCEINIEETVVLPPSVKTTKDGDNLQSQDQKLWEGDSQFELLDSQQLAEGLALCDEFLLSQSQTSCGGGDEPRETKPCLAAYAHLSAEDFKKDLEECQRLEPTDNTNLELDNTDEFRLSQIEFSQDSFMTWAAEKITDD
Nelumbonucifera_Sacredlotus_A0A1U8ABV8_TAIR	MAGTSWLVDGKRIATKIKSASATCDPRNIKWKSNPTRACPKCNHIIDNNDITQQWPGLPRGVKFDPSDQEIIWHLLAKVGASGVKPHPFIDEFIPTVDEDDGICYTHPQNLPGVKQDGSVSHFFHRAIRAYSTGTRKRRKILDDDLGDVRWHKTGRTKPVILDGVQRGCKKIMVLYMSMARGGKPEKTNWVMHQYHLGTGEDEKDGEFVISKIFYQQQAKQGDKIEGDQPLDIAEAIVAKVDPVTPKSVTPDPPCTERLHSDRGHEQESTFNYMEPCGQHHGKRSIEVGLPPGLDELDYQDHRVEDCERPHSDLDIGKEPECSHLTTFSQHPETRYLEDEIQPKLEKPDGRGSQKLDEHDNDMVDNHENQNGEDPKWWEGESQFLLDSQQLVEGLSLCDELLQSQSSSGDGDGKEQKEKPRLSDYAQIGVEDLKRDLEECQKLSVVDPGNIELDTPPDFRLSQLEFESQDSYTPWVGTKVGAEWSMGANLTQ
