AAseq,Activity_GFP8,Activity_ratio2
EDPTWFDSGSQFILNSQQLVEALSLCDDAAGSQDREENTN,636.1562022806052,37675.08247916089
EALSLCDDLLGDQDREENDNDGDLKDKQPCIADYAHLGPE,602.6961941367427,41200.36867228868
DLAEDDEVMCMEDEVQSIQPNHERPDDGPELEHGLENGAK,381.5023483558322,30737.74488948928
GQRKRRKITPTLVNDEPVRWHKTGRTKPVMLSGVQRGCKK,347.15574099746857,50192.51272962469
SELTSTLGISHRLPQSLTPCVKTGSLQSGGLVQSVPFEEL,437.69405014009305,60000.22747563329
EMADDKEEQEKDRDNENQGEEDPTWADSGDQFIANSQQLV,440.0946083190961,41562.63346324929
ITYQQQKLGENPDEGESSSGVRGGPTTPKTNTPTPPSLVD,361.9322627017649,32401.12669091717
SEPHVLIEEFIRPVTEDVGINYTHPQNLPGANKDGVSVFF,732.096986232814,107728.0674789206
QFILNAQQLVEALSLCDDLLGSQDREENTNSGSLKDKQPC,478.8611845761556,33287.14404016453
DAKRDAEECQKIVADPSNIEADTPPEARASQAEAGDQDSA,338.85676227519576,28604.001632232517
DAKRDAEECQKIVADPSNIEADDPPEARASQAEAGSQDSA,368.83950410832847,21180.27480933638
QKIVADPSNIELDAPPEARLSQAEFGSQDSALAAGTGKTD,374.674529121473,38929.50913680771
IIWHLLAKSGLSGLSSHPFIDEFIPTVNQDDGICYTHPKN,451.9555395208304,37279.642860049375
KKRKNKNQGKKKPTWFKSGAQFILNAQQLVKAASACKKLL,437.22934266517177,90738.18173963406
QALSLCDNLLGAQDRQENTNSGSLKNKQPCIADYAHLGPQ,384.5419569103656,29755.6753754886
DIFAAVDPDADPVDPKLADPEPRNAVRICDDDHIADDEVD,383.748273293011,29208.156488969944
DIFAAVTPTADPVAPKLATPEPRNAVRICSDSHIASDYVT,400.7757557088727,52416.51356371815
NHERPSSGPEAEHGLENGAKEMADDKEEQEKDRDNENQGE,360.058605330512,30230.58901355983
KDRDNENQGEEDPTAFDSGSQAILNAQQAVEALSACDDLA,428.30147321049367,46174.70299835668
EPRNAVRICADAHIAADFVAPADFVAAHEVALAEAAEVMC,511.48898337930086,91079.77353791767
QKIVAKPSNIKAKDPPKARADQAKAGDQKSAAAAGTGKTK,340.97949324140893,30706.293231636228
PSDYVSAHEVSLAETSEVMCMEDEVQSIQPNHERPSSGPE,423.88535331640287,35466.670029870846
IADAAHLGPEDAKRDLEECQKIVADPSNIELDDPPEARLD,380.19089905544416,30916.19635919137
KKRKNKNQGKKKPTWFKSGDQAIANDQQLVKALSLCKKLL,369.1056921578236,63561.86762901293
EMADDKEEQEKDRDNENQGEEDPTWADSGSQFIANSQQLV,391.6676016297764,42270.91493747894
DPVAPKLATPEPRNAVRICSDSHIASDYVTPSDYVSAHEV,446.063420565904,43709.021887898685
DPVDPKLADPEPRNAVRICDDDHIADDEVDPDDEVDAHEV,331.82620003870835,27366.861265561725
DAKRDLEECQKIVADPSNIELDAPPEARLAQAEFGSQDSA,400.1541149353781,28212.588844165377
EGNSSKAETCQPQPRSNREIVVGASVSDVSRGTLITPKRD,360.3011485142206,27626.69874376634
KKRKNKNQGKKKPTWFKSGSQFILNSQQLVKALSLCKKAA,569.2312162725965,83081.20328987473
QDFICSVTQDVGINYTHPQNLPGVSKDGTSVFFFNKTAHA,514.8544527612896,95108.78637504298
QKIVLNPSNIQLNTPPQFRLSQLQFGDQNSFLAWGTGKTN,472.8947170923937,65331.7296434474
FLLSQSQTSCGGGDEPRETKPCLAAYAHLSAEDFKKDLEE,1146.6322121677977,27976.644461686687
FHKTVQAYGTGQRKRRKITPTLVNDEPVRWHKTGRTKPVM,339.28194022588275,75999.76821138166
EAASACDDAAGAQDREENTNSGSAKDKQPCIADAAHAGPE,419.57870277295,31800.633823754077
QAIANDQQAVEAASACDDAAGDQDREENTNSGSAKDKQPC,351.1080678005478,21756.26743903113
EDPTVEFANIDLDWLQDQQGFSLSLCDDLLGDQDREENTN,2436.43558574821,76761.9691486111
AGALKDKQPCIADFAHLGPEDFKRDLEECQKIVLDPANIE,503.6234699109901,64178.102885812856
QQPQQLVVKRGDKAEQEVAEDIFAAVAPAADPVAPKLAAP,403.26134737892266,43172.64779495585
VVDGKHLGCKKFMVLYMSTMKGGKPEKTNWVMHQYHLGTG,386.3538052075911,70998.12311827076
VLTPWPGLPKGVKFEPTDEEVIEHLEAKCGIDGLKPHLLI,590.2907379373754,63209.24777135685
HLGIEEDEKEGDEVVDKIFEQQPQQLVVKRGDKAEQEVDE,346.91889283808075,21126.397002164864
QAIANSQQAVEAASACDDAAGDQDREENTNSGSAKDKQPC,370.8389204039295,25130.79779792953
GGKAEKTNWVMHQYHLGTGEDERDGEYVVSKVFYQQQAAN,485.8234844983622,88157.71196794033
KNRNNQNQGQQNPTWFNSGDQAIANDQQLVQALSLCNNLL,662.6667886134024,87442.61838159442
PTQSGRGSEMTVMGKSDHLTSELTSTLGISHRLPQSLTPC,424.89168826606885,78099.59002188452
QKIVADPSNIEADAPPEARAAQAEAGAQDSAAAAGTGKTD,341.5886071274255,27496.80524120064
EDPTAADSGDQAIANDQQAVEAASACDDAAGDQDREENTN,377.1381698749975,30535.693636662007
GFQAPGLSGYSPSVSVVTRGLPPLSPLSCKPSRTAKQLYA,369.3341078461773,71527.7758196186
GSQDREENTNSGSAKDKQPCIADAAHAGPEDAKRDAEECQ,379.218275239715,30695.693737467987
LYRAMGKKSKNLKTNWVMHQYHLGSNEEETDGELVVCKVF,440.81532470406137,79636.70211122681
GVKFDPSDQELIWHLMAKHGKSGIKPHPFIDEFIPTVEED,445.6109890434864,41264.27237278776
LEHGLENGAKEMLDDKEEQEKDRDNENQGEEDPAWFDAGA,417.1377378873269,30417.87535158612
QKIVADPSNIELDTPPEARLSQAEFGAQDSALAAGTGKTD,415.829756822201,42149.97360206318
VVGASVSDVSRGTLITPKRDAPVRPQFSRHRTREASPPVQ,388.99964650239554,53272.75128278428
DSHIASDYVTPSDYVSAHEVSLAETSEVMCMEDEVQSIQP,546.055902716412,47759.20432748018
SGSSDPSKQKWIGNPSKECPKCSHVIDNSDVVHQWPGLPK,403.1670313097827,38145.03374577903
EETVVLPPSVKTTKDGDNLQSQDQKLWEGDSQFELLDSQQ,431.70563025102695,32867.41054777066
AYSLAQDDTTALPGLEVREDCPSCGHHVGRRTAMDWVGLP,666.5641547327459,67541.4402351444
QFILNSQQLVEALSLCDDLLGSQDREENTNSGSLKDKQPC,504.1254689331261,38628.533427063725
SGSLKDKQPCIADYAHLAAEDFKRDLEECQKIVLDPSNIE,654.9922639642434,82497.64972284005
QAIANAQQAVEAASACDDAAGSQDREENTNSGSAKDKQPC,657.9375496669137,34217.64983531501
KNRNNQNQGQQNPTWFNSGSQFILNSQQLVQALSLCNNAA,347.51507834526944,22720.29487801961
GDEVVDKIFEQQPQQLVVKRGDKAEQEVDEDIFAAVDPDA,491.1062786883226,35667.556337154616
MKTLHRTWIVDGPWISRNVKNASLSSALQIKDCGAYINCF,457.4358021610551,90493.07730998716
QKIVADPSNIEADAPPEARASQAEAGSQDSAAAAGTGKTD,340.4166160182758,32823.479281909924
EDPTAADSGSQAIANSQQAVEAASACDDAAGAQDREENTN,379.376558701828,28896.93763356596
EMADDKEEQEKDRDNENQGEEDPTWADSGSQFIANDQQLV,405.5023760975868,36784.4006085789
EDPTAADSGSQAIANDQQAVEAASACDDAAGDQDREENTN,344.1961586226844,27114.22115401767
QKIVLKPSNIKLKAPPKFRLAQLKFGAQKSFLAWGTGKTK,338.84154854434314,56598.87703111269
QKIVLKPSNIKLKAPPKFRLAQLKFGAQKSAAAAGTGKTK,370.2204385469687,50083.43522573045
KDRDNENQGEEDPTAFDSGSQAILNSQQAVEALSACDDLA,517.3116655102451,45995.6348536437
ICDEFLQSQSQTSCGGGDDETDKIKPRLAVYAQLPVEDLK,472.2946352037664,56178.432085211694
KDRDNENQGEEDPTWFDSGAQFILNAQQLVEALSLCDDAA,1864.112599533516,41457.80255117791
VFFFNKTAHAYQNGQRKRRRITPTSLKDDTVRWHKTGQTK,367.5634237554716,68133.21647482552
QKIVADPSNIELDTPPEARLDQAEFGSQDSALAAGTGKTD,366.1967080726958,37108.62102982547
EAASACDDAAGDQDREENTNSGSAKDKQPCIADAAHAGPE,355.8804716817156,28195.31984042772
QKIVADPSNIEADTPPEARASQAEAGAQDSAAAAGTGKTD,361.0494297615555,28713.00341093801
IADAAHLGPEDAKRDLEECQKIVADPSNIELDTPPEARLD,352.3829251132806,31396.945760176965
EIANAVVAKVDPVTPKSVTPDPPRAERRCQDFDLGKESTN,345.7432614526915,24747.901932924997
SGSLKDKQPCIPDYGHPGPEDFKRDLEECQKIVLDPSNIE,394.1531763146532,46145.33570859913
SLVQTMRAAVYADNQDTHINGGLSGHLSREGEDESFQAVN,318.1013725798824,27404.55209858735
QKIVLNPSNIQLNTPPQFRLSQLQFGSQNSAAAAGTGKTN,380.4108015935928,56326.69108972738
KDRDNENQGEEDPTAADSGDQAIANSQQAVEAASACDDAA,370.6510601984853,31251.1400200285
NFKRNLQQCQKIVLNPSNIQLNTPPQFRLSQLQFGAQNSF,445.1570058506601,87785.0758458102
QYHLGPEEEERDGELVVCKVFFQKQPRQCTGGKQYDGVFA,450.5122992723071,83744.36885548805
EMADDKEEQEKDRDNENQGEEDPTAADSGSQAIANAQQAV,403.7034015921261,29217.0906357008
APPESVTTRTPTQSGRGSEMTVMGKSDHLTSELTSTLGIS,381.8919570714356,45867.97689718576
KDRDNENQGEEDPTAFDSGDQAILNSQQAVEALSACDDLA,421.173425875072,43324.069664314
KDRDNENQGEEDPTAADSGAQAIANSQQAVEAASACDDAA,337.0487536016881,33621.15843476342
QFILNDQQLVQALSLCNNLLGDQNRQQNTNSGSLKNKQPC,394.33243400167385,52281.80456475442
EDPTAFDSGSQAILNAQQAVEALSACDDLAGAQDREENTN,521.8178299369905,39281.42309963003
SPSVSVVTRGLPPLSPLSCKPSRTAKQLYAEPTESNSEIF,374.4158233116525,60566.03101616437
EEDGICRTHPENLPGVKKDGSSCHYFHRPSMAYTTGTRKR,385.3637097190679,49001.47737115613
HLGIEEDEKEGDFVVAKIFFQQPQQLVVKRGDKAEQEVAE,394.2479272821421,34175.00690265553
NREQFDPWNTEDGEKDDSGSQFILNSQQLVEALDCLDLSL,666.9038155124458,52864.92970961227
KNRNNQNQGQQNPTAANSGAQFILNAQQAVQALSLCNNLL,493.7069413593736,65469.446863903206
SLAETSEVMCMEDEVQSIQPNHERPSSGPELEHGLENGAK,383.4585353002774,32086.408905354336
EDEVEGQYVVSKLLFQQQFKPGEKNAQDLTSADALESIVA,395.5966000873797,67615.13369437805
VDGKHLGCKKIMVLYISPLKGGKAEKTNWVIHQYHLGTGE,490.834053600628,75556.02263821223
IADAAHLGPEDAKRDLEECQKIVADPSNIELDTPPEARLS,428.8266254257284,36735.749367801895
QKIVADPSNIELDAPPEARLAQAEFGAQDSALAAGTGKTD,369.3607368214504,46609.82876853009
KDRDNENQGEEDPTAADSGSQAIANDQQAVEAASACDDAA,377.2706118027846,28131.414731172383
NHERPDDGPELEHGLENGAKEMLDDKEEQEKDRDNENQGE,401.0808804464983,30542.409850919707
QMLNNKQQQQKNRNNQNQGQQNPTWFNSGSQFILNSQQLV,461.3253117783064,91380.48873146575
QKIVLDPSNIELDDPPEFRLDQLEFGDQDSAAAAGTGKTD,665.4748456632774,54239.88703169918
QKIVADPSNIELDAPPEARLAQAEFGSQDSALAAGTGKTD,360.06643773820633,41280.57996093822
VLDGVQRGCKKIMVLYGGKAVKTNWVMHQYHLGIEEDEKE,353.0333439522788,42897.50560388911
NFKRDLQECQKIVLNPSNIELNTPPEFRLAQLQFGAQDSF,649.3706541705524,106709.45678779068
EEVSTSGKSCQNENAMAAVEYPPRDDYHEQPYPVMDTEGN,414.30748447322753,40579.18238842872
KSDPCKTCPNCHHVIDNSDVVQEWPGLPRGVKFDPSDQEI,432.9391755034891,37942.11934659022
VVHNPEHNLYQLNRNCEINIEETVVLPPSVKTTKDGDNLQ,410.56561304065815,42365.311293846
GDQDREENTNSGSLKDKQPCIADYAHLGPEDFKRDLEECQ,414.5387296618934,43456.53013131734
KKRKNKNQGKKKPTWFKSGAQFILNAQQLVKALSLCKKLL,448.0703390002551,91822.15134935876
MKNRDHRDRWGRFMDQLVRQIDNATHQRNDAYSLAQDDTT,374.0189110900697,38700.600163326286
QKIVLKPSNIKLKAPPKFRLAQAKAGAQKSFLAWGTGKTK,341.3458524332987,57932.07753334618
QKIVADPSNIEADDPPEARADQAEAGDQDSAAAAGTGKTD,344.5786147840895,25068.805869790256
QFILNSQQLVQALSLCDNLLGSQDRQENTNSGSLKNKQPC,376.5036995752881,34171.23774686195
EAASLCDDALGAQDREENTNSGSAKDKQPCIADYAHAGPE,334.7606057680736,30240.60765435513
KDRDNENQGEEDPTAADSGDQAIANDQQAVEAASACDDAA,554.1467835273638,36170.0620163381
GVKFDPTDQELLWHLLAKHGKVGAKAHPFIDEFIPTVEED,506.82422513585095,38184.644641512336
MEDEVQSIQPNHERPDDGPELEHGLENGAKEMLDDKEEQE,365.8193146057287,30358.157050136004
DERDGEYVVSKIFFQQQFKPRDKNAQELTTSDDLESMAAE,389.03462660437,35064.462343166786
IADAAHAGPEDAKRDAEECQKIVADPSNIEADTPPEARAD,391.4399877632308,26676.391896398192
HKTGNTKPVLVDGKHLGCKKIMVLYISPLKGGKAEKTNWV,508.6717785650851,66482.01212844817
KSEKTNWILHQYHLGPEEEERDGELVVCKVFFQKQPRQCT,437.46095393517743,69326.41263482685
KNRNNQNQGQQNPTAANSGSQFILNSQQAVQALSLCNNLL,464.4369017692264,74359.30792115466
GAQDREENANAGALKDKQPCIADYAHLGPEDFKRDLEECQ,399.208123594947,43388.0561064138
NPDEGESSSGVRGGPTTPKTNTPTPPSLVDGVAGDEEAFD,387.65745605639466,28754.28121090817
QKIVLDPSNIELDTPPEFRLSQLEFGSQDSAAAAGTGKTD,715.2408458426856,47863.78870542207
HFFHRAIKAYNTGTRKRRKIQGDDSGDVRWHKTGRTKPVI,335.43862926830536,80048.43411324604
EPTESNSEIFDPQLLATQSKQKAVFARSRINQYNDEGIGE,435.31514702702793,32792.3961671992
NFKRNLQQCQKIVLNPSNIQLNTPPQFRLDQLQFGDQNSF,507.8525841462396,77560.99307561782
DAKRDAEECQKIVADPSNIEADTPPEARAAQAEAGAQDSA,404.3105243323882,30833.287775158253
QNPTWFNSGAQFILNSQQLVQALSLCNNLLGAQNRQQNTN,440.0008019812652,56224.11093445847
EDPTWFDSGAQFILNSQQLVEALSLCDDLLGSQDREENTN,2827.48665799486,116393.93902602448
QFILNAQQLVQALSLCDNLLGAQDRQENTNSGSLKNKQPC,466.0400637504716,33391.10149066736
QFILNSQQLVEALSLCDDLLGAQDREENTNSGSLKDKQPC,556.8367234437771,23552.88198494109
EDPTAADSGSQAIANDQQAVEAASACDDAAGSQDREENTN,370.78378620329033,28162.6604247515
EDPTAFDSGSQAILNDQQAVEALSACDDLAGDQDREENTN,391.2276319362789,41479.842949750295
QMLNNKQQQQKNRNNQNQGQQNPTWFNSGDQFILNDQQLV,529.1261861394214,85916.92091711103
EDPTAADSGDQAIANSQQAVEAASACDDAAGDQDREENTN,323.36847246392125,28061.29894183045
GDKAEQEVSEDIFAAVTPTADPVTPKLATPEPRNAVRICS,442.3659961350047,80440.83841394614
QKIVADPSNIEADTPPEARASQAEAGSQDSAAAAGTGKTD,362.5547578968979,29288.853386611707
WWEGESQFLLDSQQLAENLAICDEFLQSQSQTSCGGGDDE,6852.207700839051,238041.2879279993
QKIVLNPSNIQLNDPPQARADQLQFGDQNSFLAWGTGKTN,523.7753126669973,57553.30889784593
IHQYHLGTGEDERDGEYVVSKIFFQQQFKPRDKNAQELTT,432.56578652681856,76972.28393483613
NNPTWFNSGSQFILNSQQLVQALSLCNNLLGSQNRQQNTN,437.70509243234176,46859.442476682365
IANYAHLGPQNFKRNLQQCQKIVLNPSNIQLNDPPQFRLS,434.0092087476568,79038.59805267802
QFILNAQQLVEALSLCDDLLGAQDREENANAGALKDKQPC,434.3352502021021,16901.5360888711
LPGVSKDGTSVFFFNKTAHAYQNGQRKRRRITPTSLKDDT,353.7806614484057,59042.326791282605
GDKAEQEVAEDIFAAVAPAADPVAPKLAAPEPRNAVRICA,455.5194802133708,74582.96077182653
LEHGLENGAKEMLDDKEEQEKDRDNENQGEEDPTWFDSGD,419.6021259145493,35419.67437712332
HKTGRTKPVILDGVQKGCKKIMVLYTSTVRGGKAEKTNWV,387.4785987441824,58118.95505479946
KDRDNENQGEEDPTAADSGAQFILNAQQLVEALSLCDDLL,494.4474674593568,44379.71588208027
LLWHLLAKHGKVGAKAHPFIDEFIPTVEEDDGICYTHPQK,340.636267066323,27659.387193715116
DFDLGKESTNVCTEPYAEHPGVENLEEANLQHESPCYNDQ,454.1274043101486,49894.13012406792
QQPQQLVVKRGDKAEQEVSEDIFAAVTPTADPVDPKLATP,418.3668564806424,48941.456833363845
QKIVLNPSNIQLNTPPQFRLSQLQFGAQNSFLAWGTGKTN,430.0816450848155,72849.67695280159
DIFAAVAPAADPVAPKLAAPEPRNAVRICADAHIAADFVA,476.3289841623481,71310.12327370042
QKIVLDPSNIELDAPPEARAAQLEFGAQDSFLAWGTGKTD,815.339554122292,72092.06647527793
EMADDKEEQEKDRDNENQGEEDPTWADSGAQFIANSQQLV,479.9297603329794,48630.641931277496
IGRSSRKPHPFLDEFIHTLVEEDGICRTHPENLPGVKKDG,484.0911021253281,44957.21896625152
QAIANSQQAVEAASACDDAAGAQDREENTNSGSAKDKQPC,406.81347809709376,22966.321670827587
SHFFHRTFKAYNTGIRKRRKINTGDLADVRWHKTGKTRPV,348.6162187544787,83013.69617228756
HLGIEEDEKEGDYVVSKIFYQQPQQLVVKRGDKAEQEVSE,369.2709890120655,33336.215940984686
QKIVADPSNIELDAPPEARLSQAEFGAQDSALAAGTGKTD,394.1524792475621,34736.925882464246
QKIVLNPSNIQLNDPPQFRLSQLQFGDQNSFLAWGTGKTN,533.2671765247635,78919.67488041898
QKIVLKPSNIKLKDPPKFRLDQLKFGDQKSAAAAGTGKTK,351.0035913611504,41458.33205542204
WKSNPSRHCPKCQHVIDNSDVVDDWPGLPRGVKFDPSDPE,417.2368656094615,37302.89210923312
QKIVLNPSNIQLNAPPQARAAQLQFGAQNSFLAWGTGKTN,413.8229011435234,62408.96878052909
GGLSGHLSREGEDESFQAVNLDEEGSWGLDQVMEAEHIEQ,682.6711473856747,51990.27101632138
NREQDPNTEDGEKDWFDSGAQFILNAQQLVEALDCLDLSL,734.0528530278413,62414.534330710776
IADAAHAGPEDAKRDAEECQKIVADPSNIEADTPPEARAA,395.6018182631159,28948.818487105767
KDRDNENQGEEDPTWFDSGSQFILNAQQLVEALSLCDDLL,733.4349567189641,53365.13186080866
AEHGAENGAKEMADDKEEQEKDRDNENQGEEDPTAADSGS,344.67609940164107,30029.98683651614
EFIPTVENDDGICYTHPKNLPGVKQDGSISHFFHRAIKAY,460.645757171818,85803.01765641867
KDRDNENQGEEDPTWFDSGAQAIANAQQLVEALSLCDDLL,473.6678161517261,34244.83812578462
QKIVLNPSNIELNAPPEFRLAQLQFGAQDSFLAWGTGKTN,697.1976301568784,88734.7875251941
NFKRNLQQCQKIVLNPSNIQLNDPPQFRLDQLQFGDQNSF,580.3754972490683,84582.00881739044
KDLEECQRLDPSDGTNLELENASEFRLSQIEFSQDSFTTA,864.9410819133378,107487.99582461151
GSQDREENTNSGSAKDKQPCIADYAHAGPEDFKRDAEECQ,362.1995430966759,30809.600411968782
KKRKNKNQGKKKPTWFKSGDQFILNDQQLVKAASACKKLL,429.402433530693,90853.05038827032
QFILNAQQLVQALSLCNNLLGAQNRQQNTNSGSLKNKQPC,425.7479770648251,72956.59990855755
INTGDLADVRWHKTGKTRPVVVDGKHLGCKKFMVLYMSTM,377.2390593788387,77088.18657865099
ENLPGVKKDGSSCHYFHRPSMAYTTGTRKRRKIQTDDVPD,371.4890060933278,64411.144462786106
QKIVLNPSNIELNAPPEFRLSQLQFGAQDSFLAWGTGKTN,1089.4637829774406,88424.48490294981
GAQDREENTNSGSLKDKQPCIADYAHLGPEDFKRDLEECQ,423.50831395467344,39371.380434156046
RDKNAQELTTSDDLESMAAESNLPDFTTLPTDKHVGTVQE,408.0302726692272,46540.9344586863
QKIVLNPSNIQANTPPQFRLSQLQFGSQNSFLAWGTGKTN,467.8987818766813,66296.00642260109
SRHFFHKPAKAYTTGTRKRRKIHNEDEESGVETRWHKTGK,330.5441232289798,54086.039712171216
MTGTSWIIDSHRIASKIKNASGSVDASKHKWVSNPTKACP,381.7932895489812,61997.61262877204
DAKRDAEECQKIVADPSNIEADAPPEARAAQAEAGSQDSA,365.0235496194029,29699.945946027092
KNRNNQNQGQQNPTWFNSGAQFILNAQQLVQALSLCNNAA,585.217245223086,81443.82974562485
EGICYTHPQKLPGVKQNGSVSHFFHRTFKAYNTGTRKRRR,372.9605517420976,59220.7783681312
NFKRNLQQCQKIVLNPSNIQLNDPPQFRLSQLQFGSQNSF,377.6729426349358,73290.84269935309
MAYTTGTRKRRKIQTDDVPDGGTDVRWHKTGKTRPVSQCG,658.7738788861592,89781.46925314996
QNPTAANSGSQAIANSQQAVQAASACNNAAGSQNRQQNTN,346.3401494287082,32711.50515941068
LQLSTQADRLWNDFQESSIPTSFVEDLDGLNGLEDCNSEQ,2231.226266301083,128601.9207800972
KKRKNKNQGKKKPTAAKSGAQAIANAQQAVKAASACKKAA,422.2404528339509,83494.71276565199
IADAAHAGPEDAKRDAEECQKIVADPSNIEADDPPEARAS,344.8968580377937,26299.06467446578
KKRKNKNQGKKKPTAAKSGSQAIANSQQAVKAASACKKAA,421.8887164031052,84305.66784457183
HLGIEEDEKEGDEVVSKIFYQQPQQLVVKRGDKAEQEVDE,343.6271570868216,33181.216416412426
DGDLKDKQPCIADYAHLGPEDFKRDLEECQKIVLDPDNIE,531.7421488257849,54320.21751476432
QAILNSQQAVEALSACDDLAGSQDREENTNSGSLKDKQPC,374.1878021671698,27949.375089999277
NRIATKIMSASASSDPRQVVWKSNPSRHCPKCQHVIDNSD,341.3808137813992,30456.99221296001
QFILNAQQLVQALSLCDNLLGSQDRQENTNSGSLKNKQPC,476.4771656386378,34939.17868515177
IWHLLAKAGNGGIKSHPFIKEFIPTVENDDGICYTHPKNL,349.8550848637934,36432.98318365014
KKPTWFKSGDQFILNDQQLVKALSLCKKLLGDQKRKKNTN,422.4130265134345,72460.31604080422
KKPTAAKSGSQAIANSQQAVKAASACKKAAGSQKRKKNTN,351.1844048048288,30725.06807126532
GGTDVRWHKTGKTRPVSQCGKILGHKKIMVLYRAMGKKSK,323.22588762588623,40655.61021776807
ITPTSLKDDTVRWHKTGQTKPVMLNGIQKGCKKIMVLYKS,404.1983795617216,87770.22911166625
QAILNAQQAVEALSACDDLAGAQDREENTNSGSLKDKQPC,402.7482847416993,25882.60897039181
SQSPSRGGHGTGASGKSGLSDYARLGPEHLKKDLEECQNL,382.4769600667945,35508.29695435736
NWVLHQYHLGTEEGEIGEYVVSKITYQQPKQQEKTIDESE,419.3742494071144,37170.42623759448
WHKTGRTKPVVLDGVQRGCKKIMVLYGGKAVKTNWVMHQY,414.3271243728457,91961.7182801161
QKIVLNPSNIQLNTPPQFRLSQLQFGSQNSFLAWGTGKTN,443.3874477215096,58603.103428169896
GGKAEKTNWVIHQYHLGTGEDERDGEYVVSKIFFQQQFKP,396.8334976009767,52309.19885289932
NFKRDLQECQKIVLNPSNIELNTPPEFRLSQLQFGAQDSF,865.4846303492741,108480.16807362328
QAILNSQQAVEALSACDDLAGAQDREENTNSGSLKDKQPC,364.8174619017444,32002.180307693507
ALAEAAEVMCMEDEVQSIQPNHERPAAGPELEHGLENGAK,387.00900176440894,36330.89194222339
KDRDNENQGEEDPTAFDSGAQAILNAQQAVEALSACDDLA,2071.71339116341,80488.9037065083
QKIVLNPSNIQLNAPPQFRLAQAQAGAQNSFLAWGTGKTN,464.2620885868496,58528.638957563344
QKIVLKPSNIKLKDPPKARADQLKFGDQKSFLAWGTGKTK,369.9998747217953,40222.6214297843
KDRDNENQGEEDPTWFVSLQNALIESSGQFQDLSLCDDLL,1949.3033706877427,82041.52680958754
DSYAEGLENIQEASSGSTSDKIAKVGGNVSVIEDNLMSKK,413.1031782183875,44855.91009326102
DEFIPTVNQDDGICYTHPKNLPGVKSDGTVSHFFHKAIKA,494.0212985943222,77884.90276565608
DAKRDAEECQKIVADPSNIEADAPPEARAAQAEAGAQDSA,357.92701421784807,28865.99573718317
HLGIEEDEKEGDFVVSKIFYQQPQQLVVKRGDKAEQEVAE,376.5216927941043,35000.51258797126
KDRDNENQGEEDPTAADSGAQAIANAQQAVEAASACDDAA,382.9044263089456,31766.21865178555
NASLSSALQIKDCGAYINCFNCSYRIDNSNVLTPWPGLPK,565.7104626666653,66558.69618487396
EMADDKEEQEKDRDNENQGEEDPTWADSGSQFIANAQQLV,434.10583080376296,51921.24527269123
KDRDNENQGEEDPTAADSGSQAIANSQQAVEAASACDDAA,565.650047877197,31791.85340848163
RFATKIKSASSASNHERVAWKSDPCKTCPNCHHVIDNSDV,403.22910525636905,34046.829523236185
NTGTRKRRKIQGDDSGDVRWHKTGRTKPVILDGVQKGCKK,561.7999697128616,43556.43119132012
PDDEVDAHEVDLAEDDEVMCMEDEVQDIQPNHERPDDGPE,365.2282475723697,28096.893789804235
TVMGKSDHLTSELTSTLGISHRLPQSLTPCVKTGSLQSGG,384.0920086760432,63002.09751029679
QKIVLKPSNIKLKDPPKFRLDQLKFGDQKSFLAWGTGKTK,395.6855762163632,52427.3754240828
QKIVLKPSNIKAKAPPKFRLAQLKFGAQKSFLAWGTGKTK,428.7988602037048,48774.54002991805
QFILNSQQLVQALSLCNNLLGSQNRQQNTNSGSLKNKQPC,367.3878705332091,46153.63980849821
HLLDSQQLVEGLSLCDEFLQSQSPSRGGHGTGASGKSGLS,702.6283926362105,47708.88438135074
EALDLCDDLLGDQDREENDNDGDLKDKQPCIADEAHLGPE,424.9355283611512,31569.11974559627
NHERPSSGPELEHGLENGAKEMLDDKEEQEKDRDNENQGE,355.541143695498,30529.824270741155
KKPTAAKSGAQAIANAQQAVKAASACKKAAGAQKRKKNTN,342.2690857386905,38164.48474325471
GPKTPEISSMLVNNNEASFVEETNAAKKLKPNSDESDDLM,371.8397454567125,29961.363334604783
TDKHVGTVQEVVHNPEHNLYQLNRNCEINIEETVVLPPSV,477.99692703987233,65872.2546728242
KKPTAAKSGAQFILNAQQAVKALSLCKKLLGAQKRKKNTN,354.7068457507556,35884.92514294465
EALALCDDLLGAQDREENANAGALKDKQPCIADFAHLGPE,563.6446380395728,53302.61424606078
QKIVLNPSNIQLNAPPQFRLAQLQFGAQNSAAAAGTGKTN,374.8437066487122,48624.13850705531
KKRKNKNQGKKKPTWFKSGAQFILNAQQLVKALSLCKKAA,418.2002462151236,72143.1222029647
TWEPDFDSGSQFILNSQQLVEADCSGETLLRSLLNQNEDD,467.9363356789886,33718.95692581232
WHKTGKTRPVVVDGKHLGCKKFMVLYMSTMKGGKPEKTNW,352.28032996062893,59986.4027676957
QKIVADPSNIEADDPPEARADQAEAGSQDSAAAAGTGKTD,347.43672899507305,27769.394573228252
YQNGQRKRRRITPTSLKDDTVRWHKTGQTKPVMLNGIQKG,370.5045202520731,67370.8308765906
DAKRDLEECQKIVADPSNIELDTPPEARLSQAEFGDQDSA,450.5690840096119,29351.595055247963
KKRKNKNQGKKKPTAAKSGSQFILNSQQLVKALSLCKKLL,453.0286139870132,94090.3409656664
QKIVADPSNIELDDPPEARLDQAEFGSQDSALAAGTGKTD,366.11468250048006,40662.93481816653
QKIVADPSNIELDTPPEARLSQAEFGDQDSALAAGTGKTD,730.2302550066812,59558.88058988461
KNRNNQNQGQQNPTAANSGSQAIANSQQAVQAASACNNAA,410.9384768802951,40031.14145933704
KFMVLYMSTMKGGKPEKTNWVMHQYHLGTGEDEVEGQYVV,370.1268981811263,47825.20537069862
EDPTAADSGSQAIANAQQAVEAASACDDAAGSQDREENTN,331.3163323445638,26941.69902387729
GDFVVSKIFYQQPQQLVVKRGDKAEQEVAEDIFAAVAPAA,486.042087987267,75851.8738166644
FLEAKCGIGGSEPHVLIEEFIRPVTEDVGINYTHPQNLPG,724.6270808467865,76927.04938001989
DAKRDLEECQKIVADPSNIELDTPPEARLSQAEFGSQDSA,421.5380100962342,31350.740301024864
QAIANSQQAVEAASACDDAAGSQDREENTNSGSAKDKQPC,336.9543025048547,31186.633884281604
IADAAHAGPEDAKRDAEECQKIVADPSNIEADAPPEARAA,387.5927637533093,28394.542642676035
DAKRDLEECQKIVADPSNIELDTPPEARLSQAEFGAQDSA,363.1198260042797,32804.41936138953
VKTGSLQSGGLVQSVPFEELFSENGSPDLYEEVSTSGKSC,1104.2505046881558,91111.42563511404
KIMVLYGGKAVKTNWVMHQYHLGIEEDEKEGDYVVSKIFY,452.52248581959145,69808.67876200314
DPVTPKLATPEPRNAVRICSDSHIASDYVTPSDYVSAHEV,386.8413688324684,44373.490309059736
QKIVLNPSNIQLNAPPQFRLAQLQFGAQNSFLAWGTGKTN,377.3199010657078,73910.60901128741
DERDGEYVVSKVFYQQQAANKGEKTEEDLSEIANAVVAKV,396.0270321374289,47215.210785684256
IANYAHLGPQNFKRNLQQCQKIVLNPSNIQLNTPPQFRLD,415.8986840237597,80564.30777329132
QKIVLNPSNIQLNDPPQFRLDQLQFGSQNSFLAWGTGKTN,698.6757320390609,88800.74809915223
KDRDNENQGEEDPTAFDSGSQAILNDQQAVEALSACDDLA,431.1226653241668,22508.638783437276
DAKRDLEECQKIVADPSNIELDAPPEARLSQAEFGAQDSA,417.1460628545692,37393.33387276136
QNPTWFNSGAQFILNAQQLVQAASACNNLLGAQNRQQNTN,495.4893362111397,57919.92145769327
GDKAEQEVSEDIFAAVTPTADPVDPKLATPEPRNAVRICS,427.8270702599656,82938.90383422979
QKIVLNPSNIQLNDPPQFRLSQLQFGSQNSFLAWGTGKTN,438.1848672062566,75846.81400920008
EDPTWFDSGDQFIPNDQQGVPGPSGPDDGPGDQDREENTN,472.78103414140617,36625.39045842677
DLAEDDEVMCMEDEVQDIQPNHERPDDGPELEHGLENGAK,389.72417505962267,29780.809271461447
EAASACDDAAGSQDREENTNSGSAKDKQPCIADAAHAGPE,380.0788947858076,28523.23173723037
QNPTAANSGAQAIANAQQAVQAASACNNAAGAQNRQQNTN,423.0219582774247,37339.56229296035
SSCHYFHRPSMAYTTGTRKRRKIQTDDVPDGGTDVRWHKT,411.7085404532165,67708.7921689107
QNPTAANSGDQAIANDQQAVQAASACNNAAGDQNRQQNTN,382.606634716284,32239.774393176845
EDPTAFDSGSQAILNDQQAVEALSACDDLAGSQDREENTN,386.2047136894184,35447.41613557572
DAKRDLEECQKIVADPSNIELDDPPEARLDQAEFGDQDSA,358.0262973547598,29603.072881561224
EMADDKEEQEKDRDNENQGEEDPTAADSGDQAIANSQQAV,347.3343579786677,25989.067348730176
MARAWIVDGRGIAAKVKNASLSSALQIQDCGAHIKCPNCT,363.60760631406,39636.738949902574
MEDEVQSIQPNHERPSSGPELEHGLENGAKEMLDDKEEQE,403.558344608766,25767.42386205812
DAKRDLEECQKIVADPSNIELDDPPEARLSQAEFGDQDSA,377.97818314628194,29377.947587228693
MAGRSWLIDSNRIATKIMSASASSDPRQVVWKSNPSRHCP,351.54634147242945,18260.214487355253
EDPTAADSGSQAIANSQQAVEAASACDDAAGSQDREENTN,338.53698384748645,28335.81541650884
QKIVADPSNIEADDPPEARASQAEAGSQDSAAAAGTGKTD,360.90389299508536,26707.78458716999
QQEKTIDESESSGVRGGPSTPKTSTITQVRPVISVDEDEI,380.1647399302804,28115.811872788003
EDPTAADSGDQAIANDQQAVEAASACDDAAGSQDREENTN,375.4865010093772,28412.583400433687
RGTLITPKRDAPVRPQFSRHRTREASPPVQAPPESVTTRT,369.9774358498054,50215.01843782871
IADAAHAGPEDAKRDAEECQKIVADPSNIEADAPPEARAS,365.1772814265841,28690.173744007225
IADAAHAGPEDAKRDAEECQKIVADPSNIEADDPPEARAD,617.8491156174281,29081.86713714042
GAQNRQQNTNSGSLKNKQPCIANYAHLGPQNFKRNLQQCQ,406.52334974365016,82185.4999476008
QKIVAKPSNIKAKAPPKARAAQAKAGAQKSAAAAGTGKTK,390.0687565710423,17291.546531053293
QALSLCDNLLGSQDRQENTNSGSLKNKQPCIADYAHLGPQ,388.98670884406806,35197.97753325557
TGASGKSGLSDYARLGPEHLKKDLEECQNLELDPANIELD,439.3587515447198,39052.0949871944
IDDFISHLDGNDGICQTHPENLPGVKTDGSSRHFFHKPAK,632.0123053569746,54997.34002606633
QTSCGGGDDETDKIKPRLAVYAQLPVEDLKKDLEECQRLD,360.5568441078035,32576.402584238927
EMADDKEEQEKDRDNENQGEEDPTAADSGAQAIANSQQAV,393.0846629672679,27777.317912011687
QKAVFARSRINQYNDEGIGEDIGVDMNHKATACVVYKPGG,422.525467993384,47433.81651648745
EDPTAADSGAQFILNAQQLVEALSLCDDLLGAQDREENTN,579.8865227291171,32983.09612682055
LHQYHLGTEGKEIGDYVVSKITYQQQKLGENPDEGESSSG,362.523774207562,29623.895207276844
EALSLCDDLLGSQDREENTNSGSLKDKQPCIADYAHLGPE,509.2789247342668,40856.999358194495
PPTDVSAGDEAHADGEDVAMAHADAADDFDADMAGDGDSP,427.74046417839,28745.072807954337
EMADDKEEQEKDRDNENQGEEDPTAADSGSQAIANSQQAV,361.95010132033815,29404.190634521223
QNPTWFNSGSQFILNSQQLVQALSLCNNAAGSQNRQQNTN,363.2844951230872,38266.62391467983
YNTGTRKRRRINTDDADVRWHKTGNTKPVLVDGKHLGCKK,364.85591713957353,69251.63491819904
PDRNDTFWNQGEDEKEDSGSQFILNSQQLVLCLEDSLDAL,882.1049425341433,89894.81386079935
QKIVADPSNIEADTPPEARAAQAEAGSQDSAAAAGTGKTD,335.26000962504475,27013.695151273238
DPVAPKLAAPEPRNAVRICADAHIAADFVAPADFVAAHEV,402.85262627706686,59877.055815453554
NQYNDEGIGEDIGVDMNHKATACVVYKPGGSLVQTMRAAV,410.1063236080895,68327.20375752755
QMLDNKEQQEKNRDNQNQGEQDPTWFNSGSQFILNDQQLV,650.6365111113299,87666.77183951774
QKIVLDPSNIELDAPPEFRLAQAEAGAQDSFLAWGTGKTD,797.3466932403286,71490.61306931739
PSRTAKQLYAEPTESNSEIFDPQLLATQSKQKAVFARSRI,394.5294807937876,54081.607882614815
NREQFDPWNTEDGEKDDSGDQFILNDQQLVEALDCLDLSL,619.9464944310114,41988.4259017398
DGELVVCKVFFQKAPRSCPSRKMEVLAVDDEDCEPSESDI,349.9652675946668,36858.678071550334
QKIVLNPSNIQLNTPPQFRLAQLQFGAQNSFLAWGTGKTN,385.8047807598209,74797.93320130656
GLSLCDEFLQSQSPSRGGHGTGASGKSGLSDYARLGPEHL,474.9924173648489,43221.67507842799
NFKRNLQQCQKIVLNPSNIQLNAPPQFRLSQLQFGAQNSF,412.24156635704617,71275.02416895566
GDFVVAKIFFQQPQQLVVKRGDKAEQEVAEDIFAAVAPAA,434.6667215362469,75166.10683181867
SHFFHRTFKAYNTGTRKRRRINTDDADVRWHKTGNTKPVL,433.2951473897496,74949.96902924488
KILGHKKIMVLYRAMGKKSKNLKTNWVMHQYHLGSNEEET,324.820779966206,47732.62945092741
KDRDNENQGEEDPTAADSGAQFILNAQQAVEALSLCDDLL,507.18490643040417,35123.40077722478
GVGKEVSHPRIDDFISHLDGNDGICQTHPENLPGVKTDGS,426.0161669351231,40047.45324408577
KIHNEDEESGVETRWHKTGKTRPVLDGGQHLGWKKIMVLY,398.0739160690789,84246.15361041384
QNPTWFNSGAQAIANAQQLVQALSLCNNLLGAQNRQQNTN,366.40919451707737,31657.205439693786
LSGLSSHPFIDEFIPTVNQDDGICYTHPKNLPGVKSDGTV,753.4174793203073,82276.29502135699
GDQDREENDNDGDLKDKQPCIADEAHLGPEDFKRDLEECQ,518.5990164978164,26589.9950369784
KNRNNQNQGQQNPTWFNSGSQFILNSQQLVQALSLCNNLL,431.6139668891783,76756.61845036224
IADAAHLGPEDAKRDLEECQKIVADPSNIELDDPPEARLS,348.33264569248195,28905.675469707905
DGPWISRNVKNASLSSALQIKDCGAYINCFNCSYRIDNSN,403.3097669142989,58519.72545290962
LQHGLQNGAKQMLNNKQQQQKNRNNQNQGQQNPTWFNSGD,392.938272029984,35395.67624170981
EDPTAFDSGAQAILNSQQAVEALSACDDLAGSQDREENTN,396.5436512957092,33379.984664070114
EMLDDKEEQEKDRDNENQGEEDPTWFDSGSQFILNSQQLV,756.1802372969823,100665.8554228982
QKIVLDPSNIELDTPPEARASQLEFGSQDSFLAWGTGKTD,847.4658640748604,68734.07647114068
GDYVVSKIFYQQPQQLVVKRGDKAEQEVSEDIFAAVTPTA,510.9127771207481,60260.41430674637
EDPTWFDSGAQFIPNAQQGVPGPSGPDDGPGAQDREENTN,395.3694578979578,34387.14299175747
QKIVANPSNIQANAPPQARAAQAQAGAQNSAAAAGTGKTN,377.8868255430814,36814.13440226058
QAILNDQQAVEALSACDDLAGSQDREENTNSGSLKDKQPC,379.1452097810612,28714.314318981054
QKIVLKPSNIKAKTPPKFRLSQLKFGSQKSFLAWGTGKTK,362.96205378945695,43971.56929903311
EDPTAADSGAQAIANAQQAVEAASACDDAAGAQDREENTN,490.7928544185555,28614.068587049216
EPRNAVRICSDSHIASDYVTPSDYVSAHEVSLAETSEVMC,573.1999841634372,88043.94748430443
KKPTWFKSGAQFILNAQQLVKAASACKKLLGAQKRKKNTN,373.51117586950966,31738.81522149041
ELDSIPEAALGKMWSKKARMDEEFVVNLSEDNLICDESME,645.2073627800186,70261.3802799991
SGSLKNKQPCIADYAHLGPQDFKRNLEQCQKIVLDPSNIQ,450.9424024179826,75705.3668350159
QPQPRSNREIVVGASVSDVSRGTLITPKRDAPVRPQFSRH,382.03056806745326,27417.56916418687
QKIVADPSNIEADAPPEARAAQAEAGSQDSAAAAGTGKTD,324.8317929649799,27517.395109215453
DAKRDAEECQKIVADPSNIEADTPPEARAAQAEAGSQDSA,352.5502306479018,29229.43366705384
QNPTWFNSGSQAIANSQQLVQALSLCNNLLGSQNRQQNTN,384.746618409048,34102.818554560225
QFILNAQQLVEALSLCDDLLGAQDREENTNSGSLKDKQPC,883.0936833123296,36835.038342788845
GNERDNDDQFPEEKTWDSGDQFILNDQQLVCALLLELDSD,695.3789548564508,58751.50097697709
IANYAHLGPQNFKRNLQQCQKIVLNPSNIQLNAPPQFRLA,467.03058290060426,86451.97798589482
SKLLFQQQFKPGEKNAQDLTSADALESIVAEDLPNIPPLP,418.1476931271327,26601.0386394756
LEHGLENGAKEMLDDKEEQEKDRDNENQGEEDPTWFDSGS,498.4253783675118,41159.9121095664
EMLDDKEEQEKDRDNENQGEEDPTWFDSGDQFILNSQQLV,729.6651242666488,82301.75771503596
DALELDTPPDMLEYPVVTSQEVKDWLGKHPILGLDNTDSQ,2956.5711282891266,179851.03514707048
DAKRDAEECQKIVADPSNIEADTPPEARADQAEAGDQDSA,399.9822517007523,27594.587412063356
DPQLLATQSKQKAVFARSRINQYNDEGIGEDIGVDMNHKA,387.3677714878585,25086.0670426632
GKTRPVSQCGKILGHKKIMVLYRAMGKKSKNLKTNWVMHQ,444.96096926798737,79564.16117522298
RKMEVLAVDDEDCEPSESDIGFQAPGLSGYSPSVSVVTRG,466.8984695765147,84247.19592955029
AYTTGTRKRRKIHNEDEESGVETRWHKTGKTRPVLDGGQH,412.2725589609717,35044.0373027249
TACVVYKPGGSLVQTMRAAVYADNQDTHINGGLSGHLSRE,470.9108853859982,22917.343967977748
KDRDNENQGEEDPTAFDSGDQAILNDQQAVEALSACDDLA,521.762143301328,41277.53170069981
DAKRDLEECQKIVADPSNIELDTPPEARLAQAEFGSQDSA,392.7210428902347,33458.46657854337
QFILNSQQLVEALSLCDDLLGDQDREENTNSGSLKDKQPC,489.1713249706097,39128.49883493128
KKRKNKNQGKKKPTWFKSGSQFILNSQQLVKALSLCKKLL,435.0257336265874,87461.88300357253
IANYAHLGPENFKRDLQECQKIVLNPSNIELNAPPEFRLS,519.6076113001441,95525.1149166147
KNRNNQNQGQQNPTWFNSGSQAIANSQQLVQALSLCNNLL,397.3201775474404,51326.648031456905
QKIVLKPSNIKAKDPPKFRLDQLKFGDQKSFLAWGTGKTK,384.5647469415967,43705.34273534903
DAKRDAEECQKIVADPSNIEADAPPEARASQAEAGAQDSA,323.9995313022023,29125.436563298917
QKIVLDPSNIELDAPPEFFQLLEARGAQDSFLAWGTGKTD,3841.814210545757,165815.96801720397
EDPTAADSGAQFILNAQQAVEALSLCDDLLGAQDREENTN,635.7694815772845,27500.22492239075
QKIVLNPSNIELNAPPEFRLSQLQFGSQDSFLAWGTGKTN,735.0628255619438,81320.46698927294
RTREASPPVQAPPESVTTRTPTQSGRGSEMTVMGKSDHLT,352.5145430560287,26433.852201507125
QMLDNKEQQEKNRDNQNQGEQDPTWFNSGAQFILNSQQLV,555.292329045021,98528.9127593708
QKIVLKPSNIKLKDPPKFRLDQAKAGDQKSFLAWGTGKTK,343.984919226222,40256.17988971675
EYLLSTPPAIFPDLKLTSQEASEVMRSIDPNDNSDSLSST,481.9711898519649,33256.7821256144
QNPTWFNSGAQFILNAQQLVQALSLCNNLLGSQNRQQNTN,479.9159632168742,79203.33050693838
QNPTWFNSGDQFILNSQQLVQALSLCNNLLGSQNRQQNTN,409.39035394898434,40425.14569250587
QLNRNCEINIEETVVLPPSVKTTKDGDNLQSQDQKLWEGD,401.909500076797,37482.53227000975
VMHQYHLGTGEDEVEGQYVVSKLLFQQQFKPGEKNAQDLT,381.51600427364826,35280.11332055713
NLKTNWVMHQYHLGSNEEETDGELVVCKVFFQKAPRSCPS,388.19851235666135,75197.33663025295
TRPVLDGGQHLGWKKIMVLYRNLYSGKKKAKSEKTNWILH,378.0138734936083,60539.152495936345
SGSLKDKQPCIADYAHLGPEDFKRDLEECQKIVLDPSNIE,548.8535463156813,73689.16119291505
NHQRPSSGPQLQHGLQNGAKQMLNNKQQQQKNRNNQNQGQ,598.5676374004404,43449.878452221485
KNRNNQNQGQQNPTWFNSGDQFILNDQQLVQALSLCNNAA,959.1250239937704,130901.4860827044
EDPTAADSGAQAIANSQQAVEAASACDDAAGAQDREENTN,368.9787612293047,23308.60440122086
LAEGLALCDEFLLSQSQTSCGGGDEPRETKPCLAAYAHLS,895.331399972278,119755.12786028598
AEHGAENGAKEMADDKEEQEKDRDNENQGEEDPTAADSGA,473.4736774303964,35190.90655191211
SGSLKNKQPCIANYAHLGPQNFKRNLQQCQKIVLNPSNIQ,440.2493476056474,53099.68814414672
EDPTAADSGAQAIANAQQAVEAASACDDAAGSQDREENTN,388.1170762267525,29445.66009979301
LEHGLENGAKEMLDDKEEQEKDRDNENQGEEDPTWFDSGA,397.3430960322801,48100.58536760484
LQHGLQNGAKQMLNNKQQQQKNRNNQNQGQQNPTWFNSGS,437.0188509323351,35511.99967634751
DSQQLAENLAICDEFLQSQSQTSCGGGDDETDKIKPRLAV,501.3624525802684,59007.043770188255
KDRDNENQGEEDPAWFDAGAQFILNAQQLVEALSLCDDLL,729.6810517647247,55443.20172681207
QALSLCNNLLGAQNRQQNTNSGSLKNKQPCIANYAHLGPQ,356.4104426014335,37406.20768738891
AGVRFDPSDEELLRHLAAKVGVGKEVSHPRIDDFISHLDG,883.0470074740373,73506.47920933206
QAIANDQQAVEAASACDDAAGSQDREENTNSGSAKDKQPC,337.61287992274936,35181.1370875991
RTAMDWVGLPAGVRFDPSDEELLRHLAAKVGVGKEVSHPR,674.1884699602693,78208.2980103774
MTGTTWIIDSQRFATKIKNASGSSDPSKQKWIGNPSKECP,362.4341567653479,37258.42574940853
EDPTWFDSGSQAIANSQQLVEALSLCDDLLGSQDREENTN,861.973558819502,45740.72114000327
ALPGLEVREDCPSCGHHVGRRTAMDWVGLPAGVRFDPSDE,431.6866901585845,50690.437872086586
NFKRNLQQCQKIVLNPSNIQLNDPPQFRLSQLQFGDQNSF,459.0956706641516,75860.40239089257
NYTHPQNLPGANKDGVSVFFFHKTVQAYGTGQRKRRKITP,390.2432494532761,82206.75169357432
CPSCGHHVGRRTAMDWVGLPAGVRFDPSDEELLRHLAAKV,856.6962656886857,115753.04959692042
SGSLKDKQPCIADYAHLGPPDFKRDGPGPQKIVLDPSNIE,411.7794125961167,50687.39100656928
QNPTWFNSGDQFILNSQQLVQALSLCNNLLGDQNRQQNTN,540.6337957832714,48420.83548600129
KTTKDGDNLQSQDQKLWEGDSQFELLDSQQLAEGLALCDE,1077.1922456434374,94896.60178235684
NFKRNLQQCQKIVLNPSNIQLNTPPQFRLAQLQFGAQNSF,432.7669777594542,69111.97834324767
SASSDPRQVVWKSNPSRHCPKCQHVIDNSDVVDDWPGLPR,428.86290602114366,43869.98700258336
QNPTAANSGDQFILNDQQLVQALSLCNNLLGDQNRQQNTN,1990.840587149476,44802.07562253261
GASKLRCDNNAAAHVKLDSFPAGVRFDPSDEELLEHLAAK,591.5058715868329,81936.44679660919
KDRDNENQGEEDPTDSALQWSFFNIQGQELVSLSLCDDLL,6770.30481912618,243571.33798684063
QNPTWFNSGDQAIANDQQLVQALSLCNNLLGDQNRQQNTN,479.9393372196332,42179.04984241142
LPGVKQNGSVSHFFHRTFKAYNTGTRKRRRINTDDADVRW,370.920066596206,70378.26829270017
EDCEPSESDIGFQAPGLSGYSPSVSVVTRGLPPLSPLSCK,482.1672489896443,87424.697331713
KVFYQQQAANKGEKTEEDLSEIANAVVAKVDPVTPKSVTP,350.94910483723874,27950.807900274853
EAASLCDDALGSQDREENTNSGSAKDKQPCIADYAHAGPE,374.8985486078129,29853.42268651389
TLVNDEPVRWHKTGRTKPVMLSGVQRGCKKIMVLYKSARK,544.0278274258071,45689.11601478324
LPPLSPLSCKPSRTAKQLYAEPTESNSEIFDPQLLATQSK,393.3321298782074,53034.97373428335
PADFVAAHEVALAEAAEVMCMEDEVQSIQPNHERPAAGPE,550.3503311223687,45099.469047275335
VVHQWPGLPRGVKFDPTDQELLWHLLAKHGKVGAKAHPFI,2285.2497666063587,87861.43830598048
PGVKQDGSISHFFHRAIKAYNTGTRKRRKIQGDDSGDVRW,364.7596222100303,44723.82935507185
ANKDGVSVFFFHKTVQAYGTGQRKRRKITPTLVNDEPVRW,417.8559977925557,68238.90493923899
KDRDNENQGEEDPTWFDSGSQFILNSQQLVEALSLCDDAA,696.3815504627406,51857.35321184588
KNRNNQNQGQQNPTAANSGAQFILNAQQLVQALSLCNNLL,435.5387054132394,63728.99136303984
EALSLCDDLLGAQDREENANAGALKDKQPCIADYAHLGPE,455.80644261732607,56366.25650722452
EDPTAFDSGSQAILNSQQAVEALSACDDLAGDQDREENTN,363.90454514843793,31567.33260338061
EDPTAFDSGDQAILNDQQAVEALSACDDLAGSQDREENTN,423.62335638591736,30965.376215148062
YNTGIRKRRKINTGDLADVRWHKTGKTRPVVVDGKHLGCK,379.5170501989176,77637.49617767328
QKIVADPSNIEADTPPEARADQAEAGSQDSAAAAGTGKTD,364.2717173159008,28817.34776175093
KKPTWFKSGSQAIANSQQLVKALSLCKKLLGSQKRKKNTN,361.646071140598,28127.464361921757
QKIVANPSNIQANTPPQARASQAQAGSQNSAAAAGTGKTN,431.9946296070355,31738.839112324968
VIEDNLMSKKIEASSIPNHGNVDYGSGNFSVSDLENAELG,405.6314422926173,34820.454740876216
VSKITYQQPKQQEKTIDESESSGVRGGPSTPKTSTITQVR,387.3040190806611,48745.66305915877
MHQYHLGTGEDERDGEYVVSKVFYQQQAANKGEKTEEDLS,389.8567301269629,31858.81839634985
NFKRDLQECQKIVLNPSNIELNTPPEFRLAQLQFGSQDSF,586.039368856959,88107.80424630642
VCTEPYAEHPGVENLEEANLQHESPCYNDQPGMENHVDQM,426.95026127067104,34408.34699666612
NREQDPNTEDGEKDWFDSGDQFILNDQQLVEALDCLDLSL,661.491777265018,51477.81057306091
QALSLCNNLLGDQNRQQNTNSGSLKNKQPCIANYAHLGPQ,406.9109983714902,35885.53812509377
KDRDNENQGEEDPTAFDSGAQAILNSQQAVEALSACDDLA,427.511336439692,47362.31828043422
KKRKNKNQGKKKPTAAKSGAQFILNAQQAVKALSLCKKLL,423.6875686395556,88118.86890717265
QKIVANPSNIQANDPPQARADQAQAGDQNSAAAAGTGKTN,359.741761058041,25022.10519518486
QFILNAQQLVEALALCDDLLGAQDREENANAGALKDKQPC,778.3844875221654,70134.30406720776
AAAHVKLDSFPAGVRFDPSDEELLEHLAAKIGRSSRKPHP,530.7092296686853,47550.45214488228
QKIVADPSNIEADAPPEARASQAEAGAQDSAAAAGTGKTD,335.5259346826137,31265.439756140164
TDKIKPRLAVYAQLPVEDLKKDLEECQRLDPSDGTNLELE,383.8832716139344,30832.37124464628
DAKRDAEECQKIVADPSNIEADTPPEARADQAEAGSQDSA,354.83389352520135,30605.98556776634
QKIVAKPSNIKLKTPPKFRLSQLKFGSQKSFLAWGTGKTK,360.0792844025166,41615.5617613003
NHERPAAGPELEHGLENGAKEMLDDKEEQEKDRDNENQGE,383.38974899741777,34685.64296275515
IANYAHLGPQNFKRNLQQCQKIVLNPSNIQLNTPPQFRLA,398.6815935354177,84189.85642043405
QQPQQLVVKRGDKAEQEVDEDIFAAVDPDADPVDPKLADP,443.3215207640793,31395.107786213
QNPTWFNSGAQFILNSQQLVQALSLCNNLLGSQNRQQNTN,423.1015331120216,61388.49212876981
KNRNNQNQGQQNPTWFNSGAQAIANAQQLVQALSLCNNLL,481.55835010937847,80268.26362091277
KKRKNKNQGKKKPTAAKSGDQFILNDQQAVKALSLCKKLL,415.6983831007791,92718.8982346809
KDCGAYINCFNCSYRIDNSNVLTPWPGLPKGVKFEPTDEE,522.5010557500528,55929.72536063966
EELLEHLAAKIGRSSRKPHPFLDEFIHTLVEEDGICRTHP,861.5941734463136,90050.12543461914
EAASLCDDALGDQDREENTNSGSAKDKQPCIADYAHAGPE,374.0867696275936,32726.08124545072
KKRKNKNQGKKKPTWFKSGSQAIANSQQLVKALSLCKKLL,408.1503989544025,85991.69900533832
DPVTPKSVTPDPPRAERRCQDFDLGKESTNVCTEPYAEHP,370.6927971622097,43586.30065989347
EMLDDKEEQEKDRDNENQGEEDPTWFDSGAQFILNAQQLV,914.7846013773174,120114.2736840836
MEDEVQSIQPNHERPAAGPELEHGLENGAKEMLDDKEEQE,363.98113085646247,30931.02082510466
NFKRDLQECQKIVLNPSNIELNTPPEFRLSQLQFGSQDSF,697.26479932015,104208.61321892036
KVGAKAHPFIDEFIPTVEEDDGICYTHPQKLPGVKQDGSV,471.6225328238804,55474.60417635656
NCSYRIDNSNVLTPWPGLPKGVKFEPTDEEVIEHLEAKCG,449.10763786065024,72029.48749925615
DPVDPKLATPEPRNAVRICSDSHIASDYVTPSDYVSAHEV,428.9363974652368,42210.39809225734
QNENAMAAVEYPPRDDYHEQPYPVMDTEGNVIGLTDLECD,908.9086833962566,71940.1797528565
QFILNAQQLVQALSLCNNLLGSQNRQQNTNSGSLKNKQPC,441.9136087782628,54618.61643843739
QKIVLKPSNIKLKTPPKFRLSQLKFGSQKSAAAAGTGKTK,355.9484337479641,51863.04030275512
KDRDNENQGEEDPTWFDSGSQAIANSQQLVEALSLCDDLL,746.1035495829467,56066.34148578534
QKIVLDPSNIEADAPPEFRLAQLEFGAQDSFLAWGTGKTD,1346.1551320246351,87450.4399823916
QKIVLNPSNIQLNDPPQFRLDQLQFGDQNSFLAWGTGKTN,977.952704925979,98778.63285337228
IADAAHAGPEDAKRDAEECQKIVADPSNIEADTPPEARAS,354.0049271156122,25149.948627535363
AEHGLENGAKEMADDKEEQEKDRDNENQGEEDPTWADSGA,361.4042087515244,32859.45855016695
KCSHVIDNSDVVHQWPGLPKGVKFDPSDQELIWHLMAKHG,746.1494546580749,92776.10105959252
QNPTWFNSGSQFILNSQQLVQALSLCNNLLGDQNRQQNTN,423.09169328720543,41517.90839468342
QKIVADPSNIELDTPPEARLDQAEFGDQDSALAAGTGKTD,380.98345184740697,34215.961863697725
NHERPSSGPEAEHGAENGAKEMADDKEEQEKDRDNENQGE,353.6341008372525,31174.96750421172
QFILNDQQLVQALSLCDNLLGSQDRQENTNSGSLKNKQPC,614.2309028029842,52388.08245658125
AEHGAENGAKEMADDKEEQEKDRDNENQGEEDPTAADSGD,362.9930312571969,30902.263907762277
QMLDNKEQQEKNRDNQNQGEQDPTWFNSGAQFILNAQQLV,604.1594205388321,99448.07693175542
QKIVADPSNIELDDPPEARLSQAEFGDQDSALAAGTGKTD,402.2991943713698,28577.64242704477
QKIVADPSNIELDTPPEARLAQAEFGSQDSALAAGTGKTD,362.724796039424,39615.336759863465
SHFFHKAIKAYSTGTRKRRKIHDDDFGDVRWHKTGRTKPV,331.65937829532794,68210.62268347714
INTDDADVRWHKTGNTKPVLVDGKHLGCKKIMVLYISPLK,456.48528507543705,74144.5242480627
IHDDDFGDVRWHKTGRTKPVVLDGVQRGCKKIMVLYGGKA,390.5151172822476,73345.14543114921
CKKIMVLYKSARKGFKPEKSNWVLHQYHLGTEEGEIGEYV,319.4348143086239,20578.146825030723
QKIVLKPSNIKLKTPPKARASQLKFGSQKSFLAWGTGKTK,370.7925373003813,42656.86868499017
KIAKVGGNVSVIEDNLMSKKIEASSIPNHGNVDYGSGNFS,352.13290136948933,36264.69265549791
EDPTAFDSGAQAILNAQQAVEALSACDDLAGAQDREENTN,434.0669647460502,34495.98037702488
ALAEAAEVMCMEDEVQAIQPNHERPAAGPELEHGLENGAK,469.18722067558537,31334.97463518897
IANYAHLGPQNFKRNLQQCQKIVLNPSNIQLNAPPQFRLS,406.2621107142565,79459.32641137559
QKIVLDPSNIELDAPPEFRLAQLEFGAQDSAAAAGTGKTD,537.6111113333793,52492.06886412432
QNPTAANSGDQFILNDQQAVQALSLCNNLLGDQNRQQNTN,404.1844512439384,31116.18731671192
KNRNNQNQGQQNPTAANSGAQAIANAQQAVQAASACNNAA,371.63975445271456,39197.438600873495
GDQDREENTNSGSAKDKQPCIADAAHAGPEDAKRDAEECQ,347.29242185306384,31776.190698392496
QKIVLNPSNIQLNTPPQFRLDQLQFGDQNSFLAWGTGKTN,679.1955287503037,106068.14364731968
IADAAHLGPEDAKRDLEECQKIVADPSNIELDAPPEARLS,386.0335325153092,34993.5515098085
KKPTWFKSGAQAIANAQQLVKALSLCKKLLGAQKRKKNTN,419.7464859591879,27895.14200866988
RNLYSGKKKAKSEKTNWILHQYHLGPEEEERDGELVVCKV,424.39304253151136,71258.93065774789
QKIVAKPSNIKLKAPPKFRLAQLKFGAQKSFLAWGTGKTK,349.06260273839973,51184.00900682792
DAKRDAEECQKIVADPSNIEADAPPEARASQAEAGSQDSA,319.9158080260084,28562.75770351778
LDGVQKGCKKIMVLYTSTVRGGKAEKTNWVMHQYHLGTGE,406.585148661692,56398.1536558728
EMADDKEEQEKDRDNENQGEEDPTAADSGSQAIANDQQAV,308.23458406265706,29356.02785523925
QAILNDQQAVEALSACDDLAGDQDREENTNSGSLKDKQPC,365.2635730641576,32153.03972229365
KDRDNENQGEEDPTWFDSGAQFILNAQQLVEALSLCDDLL,692.4279710435223,57853.52653057302
QEASSGSTSDKIAKVGGNVSVIEDNLMSKKIEASSIPNHG,397.895250048966,38100.729606631096
QKIVAKPSNIKAKTPPKARASQAKAGSQKSAAAAGTGKTK,384.6904016320943,50386.49612780861
QDPTWFNSGAQFILNSQQLVEALSLCNDLLGAQNREQNTN,1253.7537216813748,104917.44326260444
GNERDNDDQFPEEKTWDSGAQFILNAQQLVCALLLELDSD,684.4381442319203,56285.69761921503
VVHQWPGLPKGVKFDPSDQELIWHLMAKHGKSGIKPHPFI,476.0006114553378,74317.30557169922
QKIVLNPSNIQLNAPPQFRLSQLQFGSQNSFLAWGTGKTN,396.82674956058247,70676.5826676918
EDPTWFDSGAQFILNAQQLVEALSLCDDLLGSQDREENTN,1179.6695283004217,52082.92404146123
LPGVKQDGSVSHFFHRTFKAYNTGIRKRRKINTGDLADVR,415.447072096754,72666.59358407785
TDQGKETSEINNEDNAVEDVAHMATEKPEDGDNPSSQDPK,336.43424162698614,25050.09712747925
IADEAHLGPEDFKRDLEECQKIVLDPDNIELDDPPEFRLD,1034.149696752325,68851.62358032141
GGGDEPRETKPCLAAYAHLSAEDFKKDLEECQRLEPTDNT,357.7025910219344,27732.83318651966
KKRKNKNQGKKKPTWFKSGAQAIANAQQLVKALSLCKKLL,419.7035832901232,79144.83804188826
QKIVADPSNIELDTPPEARLSQAEFGSQDSALAAGTGKTD,390.80611425616,43329.76484370636
NFKRNLQQCQKIVLNPSNIQLNTPPQFRLDQLQFGSQNSF,480.6337903382596,86457.60636297725
KKPTAAKSGSQFILNSQQAVKALSLCKKLLGSQKRKKNTN,536.8307936441638,46274.62013812316
LSGVQRGCKKIMVLYKSARKGTKPEKSNWVLHQYHLGTEG,357.26996538625536,52967.02989022392
EDPTAFDSGDQAILNDQQAVEALSACDDLAGDQDREENTN,417.9044152849149,29725.994672356723
NFKRDLQECQKIVLNPSNIELNAPPEFRLAQLQFGSQDSF,541.6412229645039,102590.917814154
NNEDNAVEDVAHMATEKPEDGDNPSSQDPKWWEGESQFLL,1267.0811735955033,85295.66830024884
QFILNSQQLVQALSLCDNLLGDQDRQENTNSGSLKNKQPC,361.63640799891306,41000.51574600348
QKIVLKPSNIKLKTPPKFRLSQLKFGSQKSFLAWGTGKTK,475.067201734906,49685.51904180538
LEHGLENGAKEMLDDKEEQEKDRDNENQGEEDPDWFDDGD,434.8432923391504,34535.12616549677
QKIVLKPSNIKLKTPPKFRLSQAKAGSQKSFLAWGTGKTK,350.9735468259281,47406.9499320879
DAKRDAEECQKIVADPSNIEADDPPEARASQAEAGDQDSA,357.2256273018145,35631.46921816496
KKPTAAKSGSQFILNSQQLVKALSLCKKLLGSQKRKKNTN,356.85916331805333,34080.51462902105
TWEPDFDSGAQFILNAQQLVEADCSGETLLRALLNQNEDD,671.5611643587079,42731.28966837848
IADAAHLGPEDAKRDLEECQKIVADPSNIELDTPPEARLA,430.2776316410897,34268.585797206746
VRWHKTGQTKPVMLNGIQKGCKKIMVLYKSARKGFKPEKS,398.4463725045757,37891.69060329131
GSQNREQNTNSGSLKDKQPCIANYAHLGPENFKRDLQECQ,410.1255410981991,84404.90861816201
GAQNREQNTNSGSLKDKQPCIANYAHLGPENFKRDLQECQ,513.7955591057314,80214.45046629537
DEFIPTVEEDDGICYTHPQKLPGVKQDGSVSHFFHRTFKA,474.0997179431254,86605.18839658858
QNPTWFNSGSQFILNAQQLVQALSLCNNLLGAQNRQQNTN,474.93547603965953,73613.70804834361
QKIVADPSNIELDDPPEARLSQAEFGSQDSALAAGTGKTD,381.0575471174442,37299.04956376747
IMVLYISPLKGGKAEKTNWVIHQYHLGTGEDERDGEYVVS,452.63149718901286,72440.46860632086
QMLDNKEQQEKNRDNQNQGEQDPTWFNSGDQFILNDQQLV,766.2708475765544,88872.7702493422
QPSPLVPINKIEDETLDFRLSQLEFGTFGDDQLSWAKTGS,1047.2717506699062,105071.4554465738
KNRNNQNQGQQNPTWFNSGDQFILNDQQLVQAASACNNLL,712.920645793698,113674.36024436532
TEEGEIGEYVVSKITYQQPKQQEKTIDESESSGVRGGPST,345.2371528410673,28046.04302031946
QKIVLNPSNIELNTPPEFRLAQLQFGSQDSFLAWGTGKTN,674.2839195413505,103974.48251055815
GDEVVSKIFYQQPQQLVVKRGDKAEQEVDEDIFAAVDPDA,462.49908784680144,37198.05457814752
QKIVLNPSNIELNDPPEFRLSQLQFGSQDSFLAWGTGKTN,894.7090492010301,100045.95560547349
IMVLYTSTVRGGKAEKTNWVMHQYHLGTGEDERDGEYVVS,447.37064757326783,78496.04692829342
IADYAHLGPEDFKRDLEECQKIVLDPANIELDAPPEFRLA,1360.8138682816948,130750.7727538128
KNRNNQNQGQQNPTWFNSGAQFILNAQQLVQAASACNNLL,610.6709773454418,109375.52342343536
EALSLCDDLLGAQDREENTNSGSLKDKQPCIADYAHLGPE,500.49202277853874,41311.569159733925
QQPQQLVVKRGDKAEQEVSEDIFAAVTPTADPVAPKLATP,403.4580850549019,35682.11971973536
DAKRDAEECQKIVADPSNIEADTPPEARASQAEAGAQDSA,322.15752274766106,24550.112321350945
LSSALQIQDCGAHIKCPNCTYRIDNSNVLIPWPGLPKGVK,424.8447811095848,75281.56413489504
IMVLYKSARKGTKPEKSNWVLHQYHLGTEGKEIGDYVVSK,527.3030573740884,57090.19611368431
LQHGLENGAKQMLDNKEQQEKNRDNQNQGEQDPTWFNSGD,359.6986438938769,33803.88171090232
YHLGSNEEETDGELVVCKVFFQKAPRSCPSRKMEVLAVDD,497.2543775890069,63380.52968502505
GGKQYDGVFAEGNSSKAETCQPQPRSNREIVVGASVSDVS,415.12681047928,63923.37568536702
QKIVADPSNIELDDPPEARLDQAEFGDQDSALAAGTGKTD,373.8968700538676,29355.16276291364
GTKPEKSNWVLHQYHLGTEGKEIGDYVVSKITYQQQKLGE,396.0668504123267,52062.98908768449
PVISVDEDEIAFDDDSKMVLDSYAEGLENIQEASSGSTSD,1575.0878969154498,48266.0240021495
GDKAEQEVDEDIFAAVDPDADPVDPKLADPEPRNAVRICD,426.57579895985873,35497.92297465385
IANYAHLGPENFKRDLQECQKIVLNPSNIELNDPPEFRLS,539.1697025804067,70554.60641057539
SGSVDASKHKWVSNPTKACPRCNHIIDNSDVVHQWPGLPR,399.0668608988167,28359.97787527895
KNRNNQNQGQQNPTWFNSGSQFILNAQQLVQALSLCNNLL,480.7413835873904,90497.99639080584
EMADDKEEQEKDRDNENQGEEDPTWADSGDQFIANDQQLV,390.7524292411567,36197.00790343828
QKIVLKPSNIKLKAPPKARAAQLKFGAQKSFLAWGTGKTK,375.47928884557376,47341.86227226701
KGEKTEEDLSEIANAVVAKVDPVTPKSVTPDPPRAERRCQ,430.5231252671513,31397.79279422821
KNRNNQNQGQQNPTWFNSGDQFILNSQQLVQALSLCNNLL,546.689281277887,67183.3672284915
EDPTWFDSGSQFIPNSQQGVPGPSGPDDGPGSQDREENTN,387.18425153802286,36780.87210800439
KNRNNQNQGQQNPTAANSGDQFILNDQQAVQALSLCNNLL,544.8962423584924,70701.50084081845
KKPTWFKSGDQFILNDQQLVKAASACKKLLGDQKRKKNTN,403.76866517372633,63255.17138556876
QFILNSQQLVQALSLCNNLLGDQNRQQNTNSGSLKNKQPC,405.52855857278325,44423.1363958183
KDRDNENQGEEDPTAADSGSQFILNSQQLVEALSLCDDLL,841.7901079523481,58451.13957527476
QMLNNKQQQQKNRNNQNQGQQNPTWFNSGAQFILNAQQLV,449.0651462038501,79038.48170150346
QNPTWFNSGDQFILNDQQLVQALSLCNNAAGDQNRQQNTN,936.502233996084,78058.07039414442
KDRDNENQGEEDPTAADSGSQAIANAQQAVEAASACDDAA,374.4222463231288,34297.90935228592
LQHGLENGAKQMLDNKEQQEKNRDNQNQGEQDPTWFNSGA,394.5322522575447,32024.681425364528
EALSLCDDLLGDQDREENTNSGSLKDKQPCIADYAHLGPE,545.3154286134435,39753.69824452827
EDPTAADSGAQAIANSQQAVEAASACDDAAGSQDREENTN,364.32429464866783,50724.54570599638
EMLDDKEEQEKDRDNENQGEEDPTWFDSGSQFILNAQQLV,785.9899049548732,111480.30372052276
EDPTAFDSGAQAILNAQQAVEALSACDDLAGSQDREENTN,378.1343006425643,30488.979087484164
GSQDREENTNSGSLKDKQPCIADYAHLGPEDFKRDLEECQ,402.1595127441035,41666.4802586448
GDQDREENDNDGDLKDKQPCIADYAHLGPEDFKRDLEECQ,419.5438512487577,31625.118845730824
KKRKNKNQGKKKPTWFKSGDQFILNDQQLVKALSLCKKAA,540.3522398642949,91266.34473214984
QMLDNKEQQEKNRDNQNQGEQDPTWFNSGSQFILNSQQLV,554.5296472232005,78635.63171638812
NFKRDLQECQKIVLNPSNIELNAPPEFRLSQLQFGSQDSF,678.6973032365822,91747.31366404936
EDPTAFDSGSQAILNSQQAVEALSACDDLAGAQDREENTN,375.9396940034834,35804.71720026505
KIFFQQQFKPRDKNAQELTTSDDLESMAAESNLPDFTTLP,534.3501799043333,49718.58733985397
QNPTWFNSGSQFILNSQQLVQALSLCNNLLGAQNRQQNTN,375.3680956058986,52126.36190579465
MEDEVQDIQPNHERPDDGPELEHGLENGAKEMLDDKEEQE,352.86792340159263,29649.405324476043
QKIVADPSNIEADTPPEARASQAEAGDQDSAAAAGTGKTD,345.9935146055018,25762.39846711359
GAQDREENANAGALKDKQPCIADFAHLGPEDFKRDLEECQ,409.7807903656213,43176.679471444266
QDPTWFNSGAQFILNAQQLVEALSLCNDLLGSQNREQNTN,823.913340501622,85905.37191196144
DPPRAERRCQDFDLGKESTNVCTEPYAEHPGVENLEEANL,395.2889864724549,35191.65783868563
LQHGLQNGAKQMLNNKQQQQKNRNNQNQGQQNPTWFNSGA,365.0938284711119,24439.388111281896
DDHIADDEVDPDDEVDAHEVDLAEDDEVMCMEDEVQDIQP,417.3099324611954,25742.71556389718
GDQNRQQNTNSGSLKNKQPCIANYAHLGPQNFKRNLQQCQ,676.9379127196376,82434.32562457962
KKRKNKNQGKKKPTAAKSGDQFILNDQQLVKALSLCKKLL,473.85694571194017,82158.7730677652
DNLICDESMEASSLWENQVLPNPSLGTVGDFDGFSISDLE,5806.203674810727,217818.55893053603
NREQDPNTEDGEKDWFDSGSQFILNSQQLVEALDCLDLSL,890.9467414711269,61502.69080438369
SGSAKDKQPCIADAAHAGPEDAKRDAEECQKIVADPSNIE,373.8144009074015,26982.255912753564
NEQNEDDRTEPKDGWFDSGAQFILNAQQLSLDVCDLALEL,7677.732550310892,241618.29938854108
QKIVLNPSNIQLNTPPQFRLSQAQAGSQNSFLAWGTGKTN,421.6842419741615,56814.476644645176
EDPTLDLFSDVDEQFGNQAQWILSLCDDLLGDQDREENTN,6843.889524734496,142777.24750280188
DIFAAVTPTADPVDPKLATPEPRNAVRICSDSHIASDYVT,427.1275852738745,49332.41559337903
KSGIKPHPFIDEFIPTVEEDEGICYTHPQKLPGVKQNGSV,493.2745170928617,57309.72479590608
QKIVADPSNIEADDPPEARASQAEAGDQDSAAAAGTGKTD,453.6738075543415,27516.50052686756
IANYAHLGPQNFKRNLQQCQKIVLNPSNIQLNDPPQFRLD,392.4406175298265,71238.65565224228
CHHVIDNSDVVQEWPGLPRGVKFDPSDQEIIWHLLAKAGN,491.0044375863946,67533.03500186994
NFKRNLQQCQKIVLNPSNIQLNAPPQFRLSQLQFGSQNSF,456.6669504720744,81418.87969358344
PDDEVDAHEVDLAEDDEVMCMEDEVQSIQPNHERPDDGPE,384.92173249248015,31108.56916096457
EPRNAVRICDDDHIADDEVDPDDEVDAHEVDLAEDDEVMC,424.94631079574407,28206.040588165703
KDRDNENQGEEDPTALQEQNDFFVSSIWGQSLLSLCDDLL,6789.239087174753,223166.42734480972
NLPGVKTDGSSRHFFHKPAKAYTTGTRKRRKIHNEDEESG,432.8539412955503,33544.762012217034
EDPTAFDSGSQAILNSQQAVEALSACDDLAGSQDREENTN,375.4008515216663,30687.257295580806
IADYAHLGPEDFKRDLEECQKIVLDPSNIELDTPPEFRLA,1958.5211594618013,140114.51556554053
KDRDNENQGEEDPTWFAFLIVEQNGADQQLASLSLCDDLL,982.9529296408468,82151.13342735305
DAKRDAEECQKIVADPSNIEADDPPEARADQAEAGDQDSA,377.6805418690814,25897.231074995423
NFKRDLQECQKIVLNPSNIELNAPPEFRLSQLQFGAQDSF,686.7691416801914,101053.33513752764
QMLNNKQQQQKNRNNQNQGQQNPTWFNSGSQFILNAQQLV,475.236235715838,92181.90810885614
IANYAHLGPENFKRDLQECQKIVLNPSNIELNTPPEFRLD,716.2929573661349,86316.92816059932
RCNHIIDNSDVVHQWPGLPRGVKFDPTDQELLWHLLAKHG,479.6779162933125,76666.19164687957
LQHGLENGAKQMLDNKEQQEKNRDNQNQGEQDPTWFNSGS,565.131980423505,48288.57051346951
NREQFDPWNTEDGEKDDSGAQFILNAQQLVEALDCLDLSL,558.6636548380263,43245.892081063226
IANYAHLGPQNFKRNLQQCQKIVLNPSNIQLNTPPQFRLS,387.5773526377859,75528.43473486236
IANYAHLGPENFKRDLQECQKIVLNPSNIELNAPPEFRLA,583.7049178444073,97564.6439179444
KKRKNKNQGKKKPTAAKSGAQFILNAQQLVKALSLCKKLL,460.13420582531467,84050.93756973554
KDRDNENQGEEDPTWFDSGAQFILNAQQLVEAASACDDLL,2462.785655920532,162360.04337663524
RKIQTDDVPDGGTDVRWHKTGKTRPVSQCGKILGHKKIMV,393.1794783930559,75623.2488313505
QKIVANPSNIQLNAPPQFRLAQLQFGAQNSFLAWGTGKTN,1372.9227803639685,81918.42116355717
DAHIAADFVAPADFVAAHEVALAEAAEVMCMEDEVQSIQP,1046.8875461506384,80679.23583403711
YSTGTRKRRKIHDDDFGDVRWHKTGRTKPVVLDGVQRGCK,350.91799931351983,69296.1681817482
IADAAHLGPEDAKRDLEECQKIVADPSNIELDAPPEARLA,346.15040624575767,34478.924207167554
VGINYTHPQNLPGVSKDGTSVFFFNKTAHAYQNGQRKRRR,418.41861381075614,69157.22049564519
KDRDNENQGEEDPTAADSGSQFILNSQQAVEALSLCDDLL,799.8002350514782,60629.63020478343
QKIVLNPSNIQLNAPPQFRLAQLQFGSQNSFLAWGTGKTN,372.8352475067999,80716.09561565406
IANYAHLGPENFKRDLQECQKIVLNPSNIELNDPPEFRLD,640.7421721604578,71431.32117873435
QALSLCNNLLGSQNRQQNTNSGSLKNKQPCIANYAHLGPQ,364.2046152927501,38168.54421976612
IANYAHLGPENFKRDLQECQKIVLNPSNIELNTPPEFRLA,818.0103101305847,113818.61500759014
MEDEVQAIQPNHERPAAGPELEHGLENGAKEMLDDKEEQE,378.3044894347922,35033.24684258032
DAKRDLEECQKIVADPSNIELDAPPEARLSQAEFGSQDSA,379.22172883643736,32224.70151291099
KKPTAAKSGDQFILNDQQLVKALSLCKKLLGDQKRKKNTN,363.5978701022469,70553.43284381786
QKIVADPSNIELDAPPEFRLAQLEFGAQDSFLAWGTGKTD,1828.430807869656,113724.56502282256
QKIVADPSNIELDTPPEARLAQAEFGAQDSALAAGTGKTD,381.4305905076968,41921.27081543083
EDPTWFDSGAQAIANAQQLVEALSLCDDLLGAQDREENTN,525.0546549109317,32607.416906438782
KDRDNENQGEEDPTAADSGDQFILNDQQAVEALSLCDDLL,1305.7548727303429,93707.4995737797
SGSAKDKQPCIADYAHAGPEDFKRDAEECQKIVLDPSNIE,411.2521424273376,39854.48916025048
DAKRDLEECQKIVADPSNIELDDPPEARLDQAEFGSQDSA,335.728188464439,28616.96617486861
QAIANAQQAVEAASACDDAAGAQDREENTNSGSAKDKQPC,356.5122935720734,29346.8208709101
PVMLNGIQKGCKKIMVLYKSARKGFKPEKSNWVLHQYHLG,452.5834079920959,78224.88072857329
IEASSIPNHGNVDYGSGNFSVSDLENAELGTLPDLLSVRT,651.5583250688344,104545.20093959752
NEQNEDDRTEPKDGWFDSGDQFILNDQQLSLDVCDLALEL,7886.888591434668,256291.32424363252
GDKAEQEVSEDIFAAVTPTADPVAPKLATPEPRNAVRICS,463.3367477346725,87810.72660173608
EMADDKEEQEKDRDNENQGEEDPTAADSGAQAIANAQQAV,362.1670096060009,31486.80329321983
LGWKKIMVLYRNLYSGKKKAKSEKTNWILHQYHLGPEEEE,415.3108450713867,41471.80726501101
PGEKNAQDLTSADALESIVAEDLPNIPPLPLEEHVFTNQE,689.4818117275762,51934.44555326349
QNPTAANSGAQFILNAQQLVQALSLCNNLLGAQNRQQNTN,420.379907634187,36988.99214053288
STDSTPAAEAENAEDNSKEATSAADNDIPVTTDDVSLADK,361.43021099669227,27543.55702995836
AGALKDKQPCIADYAHLGPEDFKRDLEECQKIVLDPANIE,511.6599263201791,70926.94534910354
KDRDNENQGEEDPTWFDSGDQAIANDQQLVEALSLCDDLL,3557.9186312303123,163120.25035512415
ELLRHLAAKVGVGKEVSHPRIDDFISHLDGNDGICQTHPE,363.9231155436958,31397.79984472186
AFDDDSKMVLDSYAEGLENIQEASSGSTSDKIAKVGGNVS,422.5951744813637,35643.34773134614
DGICYTHPQKLPGVKQDGSVSHFFHRTFKAYNTGIRKRRK,406.2855187603115,62216.18976119548
EMLDDKEEQEKDRDNENQGEEDPTWFDSGDQFILNDQQLV,908.952753823074,95163.78347046142
EDPAWFDAGAQFILNAQQLVEALSLCDDLLGAQDREENAN,742.0928336419066,61396.37215139701
QNPTWFNSGSQFILNAQQLVQALSLCNNLLGSQNRQQNTN,491.45298500179257,80780.34446593735
RDGELVVCKVFFQKQPRQCTGGKQYDGVFAEGNSSKAETC,425.89065950808686,75262.8104322002
SGSLKDKQPCIPDYGHPGPPDFKRDGPGPQKIVLDPSNIE,499.221661833575,50923.595825119846
HKTGRTKPVMLSGVQRGCKKIMVLYKSARKGTKPEKSNWV,354.1913092657634,30667.854853362194
GIAAKVKNASLSSALQIQDCGAHIKCPNCTYRIDNSNVLI,350.41441185581664,65591.75836768914
EDPTAADSGSQAIANSQQAVEAASACDDAAGDQDREENTN,342.0928395700928,27054.66105794276
QKIVLDPSNIELDDPPEARADQLEFGDQDSFLAWGTGKTD,1211.7793692837877,82475.22032283618
KNRNNQNQGQQNPTWFNSGAQFILNAQQLVQALSLCNNLL,450.9883889155786,90289.87138844076
QMLNNKQQQQKNRNNQNQGQQNPTWFNSGAQFILNSQQLV,496.05498326649183,91763.27382042773
EWDPTFDSGSQFILNSQQLVEATENLSDNLGSDLQLRDCE,1058.737443826103,70124.27388165297
KKPTWFKSGSQFILNSQQLVKAASACKKLLGSQKRKKNTN,401.2581613813711,25110.541106711386
EDPTAFDSGDQAILNSQQAVEALSACDDLAGDQDREENTN,383.7091110572219,34477.635696817575
QKIVLNPSNIQLNDPPQFRLDQLQFGDQNSAAAAGTGKTN,444.252432230535,51546.94154501859
EDPTWFDSGAQFILNAQQLVEALSLCDDAAGAQDREENTN,543.7557783695834,25507.89805047456
KDRDNENQGEEDPTWFVALQNALIEASGQFQDLSLCDDLL,1247.3345219453718,69430.99293899938
GGIKSHPFIKEFIPTVENDDGICYTHPKNLPGVKQDGSIS,373.4333199472302,30490.23568924412
GICYTHPKNLPGVKQDGSISHFFHRAIKAYNTGTRKRRKI,394.1782548539325,89937.3198032524
NFKRNLQQCQKIVLNPSNIQLNAPPQFRLAQLQFGSQNSF,514.2202406036777,67475.07501360666
QKIVAKPSNIKLKDPPKFRLDQLKFGDQKSFLAWGTGKTK,403.20674195106665,36056.045607226624
QNPTWFNSGSQFILNSQQLVQAASACNNLLGSQNRQQNTN,409.1506822709333,52046.47920747235
QMLNNKQQQQKNRNNQNQGQQNPTWFNSGSQFILNDQQLV,513.6224315603512,83316.41542309005
EDPTAADSGDQAIANSQQAVEAASACDDAAGSQDREENTN,349.12129629417745,29875.48545996067
DPTEWFDSGAQFILNAQQLVEAQCLDDNLTRELESNDGAL,4123.164154657808,172022.82974441693
APVRPQFSRHRTREASPPVQAPPESVTTRTPTQSGRGSEM,352.1451739511696,34778.82019395502
NFKRNLQQCQKIVLNPSNIQLNTPPQFRLSQLQFGDQNSF,408.9726051030051,77000.58366380469
EDLPNIPPLPLEEHVFTNQELEVLEKSETITDQGKETSEI,495.1669182537643,25391.718728541
KNRNNQNQGQQNPTAANSGDQAIANDQQAVQAASACNNAA,372.407206478932,35458.25144496423
LDPSDGTNLELENASEFRLSQIEFSQDSFTTAWAGGKVID,1545.4755115080725,142454.0276627563
AEDFKKDLEECQRLEPTDNTNLELDNTDEFRLSQIEFSQD,599.586529328582,55456.05335842025
VETRWHKTGKTRPVLDGGQHLGWKKIMVLYRNLYSGKKKA,406.969853316425,46497.0709251859
GAQDREENTNSGSAKDKQPCIADAAHAGPEDAKRDAEECQ,362.9810569587389,34725.59523764343
VKTNWVMHQYHLGIEEDEKEGDYVVSKIFYQQPQQLVVKR,452.86671343729085,83884.00798695619
QKIVLNPSNIELNTPPEFRLSQLQFGSQDSFLAWGTGKTN,776.4366759619152,118438.14707508132
NHQRPSSGPELQHGLENGAKQMLDNKEQQEKNRDNQNQGE,348.71924229087534,30434.419733415736
QMLDNKEQQEKNRDNQNQGEQDPTWFNSGSQFILNAQQLV,605.2683901962423,99193.432356735
KKRKNKNQGKKKPTAAKSGDQAIANDQQAVKAASACKKAA,569.4226708938977,50678.201379229824
KKPTWFKSGSQFILNSQQLVKALSLCKKLLGSQKRKKNTN,394.6680833409157,31185.07326631785
GVKFEPTDEEVIEHLEAKCGIDGLKPHLLIQDFICSVTQD,561.5514749400211,88495.57132930406
QKIVADPSNIEADTPPEARADQAEAGDQDSAAAAGTGKTD,342.1601417235767,25366.78834337224
LIWHLMAKHGKSGIKPHPFIDEFIPTVEEDEGICYTHPQK,365.03711970546897,27340.90961804823
GDQDREENTNSGSAKDKQPCIADYAHAGPEDFKRDAEECQ,335.3557954796749,28830.992595704865
QMLDNKEQQEKNRDNQNQGEQDPTWFNSGDQFILNSQQLV,653.9782100608962,95375.2386068198
NDGICQTHPENLPGVKTDGSSRHFFHKPAKAYTTGTRKRR,373.7650213090965,41149.20129629619
EDPTWFDSGSQFILNSQQLVEALSLCDDLLGSQDREENTN,2707.3390221746395,70779.61225506559
PDRNDTFWNQGEDEKEDSGDQFILNDQQLVLCLEDSLDAL,2566.654113359493,108440.4609878105
EDPTAADSGSQFILNSQQLVEALSLCDDLLGSQDREENTN,652.2112037532357,43065.73521897278
EDPTWFDSGSQFILNAQQLVEALSLCDDLLGSQDREENTN,765.7247842683037,54002.30622458772
NFKRDLQECQKIVLNPSNIELNDPPEFRLSQLQFGSQDSF,837.9741413913224,98032.80846121702
IANYAHLGPENFKRDLQECQKIVLNPSNIELNTPPEFRLS,579.9515212143033,91243.89634757486
QKIVADPSNIEADTPPEARAAQAEAGAQDSAAAAGTGKTD,344.9153232538132,30601.00216966639
EDPTAADSGSQAIANAQQAVEAASACDDAAGAQDREENTN,311.4382785358925,26690.41815471913
QKIVLNPSNIQANAPPQFRLAQLQFGAQNSFLAWGTGKTN,398.1758749873032,63015.15766129823
MDRVASNRILGASKLRCDNNAAAHVKLDSFPAGVRFDPSD,462.361653521084,41155.94670026243
KKPTWFKSGSQFILNSQQLVKALSLCKKAAGSQKRKKNTN,350.3903802217702,35467.38736052297
NFKRNLQQCQKIVLNPSNIQLNAPPQFRLAQLQFGAQNSF,510.9052277143208,72743.06307034896
QKIVLNPSNIQLNTPPQFRLAQLQFGSQNSFLAWGTGKTN,379.934213800878,69090.18547044977
FQKAPRSCPSRKMEVLAVDDEDCEPSESDIGFQAPGLSGY,449.2898696878326,55906.28649232112
DIFAAVTPTADPVTPKLATPEPRNAVRICSDSHIASDYVT,374.989067557717,53603.02232361143
GAQDREENTNSGSAKDKQPCIADYAHAGPEDFKRDAEECQ,354.54420439513655,30770.40441183024
KDRDNENQGEEDPAWFDAGAQFILNAQQLVEALALCDDLL,1830.465606714596,123275.2761648871
DGICYTHPKNLPGVKSDGTVSHFFHKAIKAYSTGTRKRRK,332.43961640907185,39438.63176447444
QQPQQLVVKRGDKAEQEVSEDIFAAVTPTADPVTPKLATP,378.210808170684,29790.457297604386
QALSLCDNLLGDQDRQENTNSGSLKNKQPCIADYAHLGPQ,373.85838819611865,40393.20564180754
QNPTWFNSGAQFILNAQQLVQALSLCNNAAGAQNRQQNTN,442.51651815178377,44334.27575370438
LPGVKSDGTVSHFFHKAIKAYSTGTRKRRKIHDDDFGDVR,346.5291434156791,53682.722760260265
YADNQDTHINGGLSGHLSREGEDESFQAVNLDEEGSWGLD,674.3594967425839,56571.52439238815
KEIGDYVVSKITYQQQKLGENPDEGESSSGVRGGPTTPKT,381.9262468801285,29503.50120616721
TGLSQDDDFVPWLNHHPSLDGYCSDFLRDVSSPVTVNEQE,3383.862401017652,199413.84545525385
VKFDPSDQEIIWHLLAKAGNGGIKSHPFIKEFIPTVENDD,387.7888702738934,37650.31439500506
WDETPFDSGSQFILNSQQLVEALNDQELSRDNELDSLCGT,1182.8467210243389,103587.82097938369
EDPTAFDSGDQAILNSQQAVEALSACDDLAGSQDREENTN,393.91924664458577,35381.585058676545
KKPTWFKSGAQFILNAQQLVKALSLCKKAAGAQKRKKNTN,397.29996990424297,29954.71686191258
GTKWWDSESQHLLDSQQLVEGLSLCDEFLQSQSPSRGGHG,1622.6778915671805,93603.44125104391
NLELDPANIELDTPPEFRLSQLEFGSQDSFMAWGEGRVAD,5897.576212244211,225671.4085785554
QKIVLNPSNIQLNTPPQFRLDQLQFGSQNSFLAWGTGKTN,523.2284060638497,95687.92504739844
NFKRDLQECQKIVLNPSNIELNDPPEFRLDQLQFGSQDSF,1292.95973638827,128288.50255324226
EMADDKEEQEKDRDNENQGEEDPTWADSGAQFIANAQQLV,352.31949630656607,42975.61360894118
QAILNAQQAVEALSACDDLAGSQDREENTNSGSLKDKQPC,375.1719806759941,31003.74470601151
KNRNNQNQGQQNPTWFNSGSQFILNSQQLVQAASACNNLL,679.5129510295305,92453.20095737225
IDGLKPHLLIQDFICSVTQDVGINYTHPQNLPGVSKDGTS,532.6928815830586,48289.87065971397
QGDDSGDVRWHKTGRTKPVILDGVQKGCKKIMVLYTSTVR,360.07315815258204,83601.29365408784
GSQNRQQNTNSGSLKNKQPCIANYAHLGPQNFKRNLQQCQ,729.0602783410835,86075.41685595579
LEVLEKSETITDQGKETSEINNEDNAVEDVAHMATEKPED,381.3735812460332,22114.80809064558
KDRDNENQGEEDPTDDALQWDFFNIQGQELVSLSLCDDLL,7727.691059757019,245590.76228548167
LQCIPWEDGLFSDSRNQSEQFDKGADNNEDTQLELSLVLD,3698.420470130413,152351.88776714198
FSENGSPDLYEEVSTSGKSCQNENAMAAVEYPPRDDYHEQ,471.280297274178,29924.457058292668
EDPTAFDSGAQAILNSQQAVEALSACDDLAGAQDREENTN,432.13099241388966,29299.25306429901
SSGVRGGPSTPKTSTITQVRPVISVDEDEIAFDDDSKMVL,454.8346129683381,30648.70476703592
GAHIKCPNCTYRIDNSNVLIPWPGLPKGVKFEPTDEDIIE,307.6807569862545,34057.743493852904
IDNATHQRNDAYSLAQDDTTALPGLEVREDCPSCGHHVGR,447.0456128946012,51025.017668281056
KKPTWFKSGDQAIANDQQLVKALSLCKKLLGDQKRKKNTN,337.7172642942328,55534.50371318261
KKPTWFKSGAQFILNAQQLVKALSLCKKLLGAQKRKKNTN,377.2799422777156,35785.10481560895
EMADDKEEQEKDRDNENQGEEDPTAADSGDQAIANDQQAV,339.979589932085,32605.10020868013
EDPTWFDSGDQFILNSQQLVEALSLCDDLLGDQDREENTN,1262.651864824532,75258.85081254561
GNERDNDDQFPEEKTWDSGSQFILNSQQLVCALLLELDSD,509.3913360800374,43480.877022124645
KKPTAAKSGDQFILNDQQAVKALSLCKKLLGDQKRKKNTN,486.7438857313164,76589.46360824881
KKPTAAKSGDQAIANDQQAVKAASACKKAAGDQKRKKNTN,372.70084406663193,36766.998127920975
PGMENHVDQMVGDNDNCAEEGTKWWDSESQHLLDSQQLVE,675.217473106194,109720.1913183726
QNPTAANSGAQFILNAQQAVQALSLCNNLLGAQNRQQNTN,356.7598670665885,41285.5104602142
QFILNDQQLVQALSLCNNLLGSQNRQQNTNSGSLKNKQPC,381.26566565552525,52025.53915709117
MAGPWLVDGNRFATKIKSASSASNHERVAWKSDPCKTCPN,432.80670022166754,57864.58758733595
NFKRDLQECQKIVLNPSNIELNAPPEFRLAQLQFGAQDSF,607.5551422903742,94640.69694367373
KKRKNKNQGKKKPTWFKSGDQFILNDQQLVKALSLCKKLL,650.1854202590387,76556.21914885845
SDDLESMAAESNLPDFTTLPTDKHVGTVQEVVHNPEHNLY,490.6572860949943,45795.85881200977
QFILNSQQLVQALSLCDNLLGAQDRQENTNSGSLKNKQPC,370.9495275188898,34665.41229779564
QNPTWFNSGAQFILNAQQLVQALSLCNNLLGAQNRQQNTN,392.70755244676354,65658.8448888618
LEEHVFTNQELEVLEKSETITDQGKETSEINNEDNAVEDV,364.0498707797233,26844.617894991905
IRPVTEDVGINYTHPQNLPGANKDGVSVFFFHKTVQAYGT,537.4943593094481,74255.7860519903
KDRDNENQGEEDPTWFSFLIVEQNGSDQQLASLSLCDDLL,4492.936224805265,187071.16999148933
IADFAHLGPEDFKRDLEECQKIVLDPANIELDAPPEFRLA,1863.0362815317976,157106.76396700903
GRFMDQLVRQIDNATHQRNDAYSLAQDDTTALPGLEVRED,468.46812528173456,37745.37682307785
NTQLAQGDLDIDLFDKWGFPFLGEIDVPEQDPLSETRSKD,8095.453588934885,254198.71240225944
QKIVLNPSNIELNDPPEFRLSQLQFGDQDSFLAWGTGKTN,1171.2785028175488,97143.28182772011
NFKRDLQECQKIVLNPSNIELNDPPEFRLSQLQFGDQDSF,1196.5871404724307,89494.53077573028
QKIVLDPSNIELDAPPEFLALEFQRGAQDSFLAWGTGKTD,3073.504960094513,145830.3195599278
NFKRDLQECQKIVLNPSNIELNTPPEFRLSQLQFGDQDSF,925.8232826107106,101264.057488784
KNRNNQNQGQQNPTWFNSGAQFILNSQQLVQALSLCNNLL,499.812061959626,95820.60843119412
AEHGLENGAKEMADDKEEQEKDRDNENQGEEDPTWADSGS,390.692212731485,30797.623313050743
GVAGDEEAFDDLKMFDPFFEELDSIPEAALGKMWSKKARM,6999.761604555661,241421.09160815115
EMLDDKEEQEKDRDNENQGEEDPAWFDAGAQFILNAQQLV,1097.0908677136033,130056.53573684848
EDPTAADSGSQFILNSQQAVEALSLCDDLLGSQDREENTN,821.3390667777439,32507.984886617916
DFKRDLEECQKIVLDPSNIELDAPPEFRLAQLEFGSQDSF,1785.088673860377,130817.8899759702
DAKRDLEECQKIVADPSNIELDTPPEARLDQAEFGDQDSA,433.7118869640536,22249.203586748223
DIGVDMNHKATACVVYKPGGSLVQTMRAAVYADNQDTHIN,355.5016870587197,37899.58831481652
QHESPCYNDQPGMENHVDQMVGDNDNCAEEGTKWWDSESQ,624.1923892615815,49203.93953333469
QPSPLVPINKIEDEALDFRLAQLEFGTFGDDQLAWAKTGS,653.233292223691,111225.56143469732
EDPTAADSGDQFILNDQQLVEALSLCDDLLGDQDREENTN,4260.172410344135,145812.05975114732
KDRDNENQGEEDPTALQEQNDFFVASIWGQALLSLCDDLL,4829.6499308445855,211440.96245982056
QNPTWFNSGSQFILNDQQLVQALSLCNNLLGSQNRQQNTN,728.6719284103337,78333.99734925602
WVSNPTKACPRCNHIIDNSDVVHQWPGLPRGVKFDPTDQE,388.3312386296338,44626.85261102636
KKPTAAKSGAQFILNAQQLVKALSLCKKLLGAQKRKKNTN,309.1954225311249,31228.154495037685
QKIVLNPSNIQANDPPQFRLDQLQFGDQNSFLAWGTGKTN,728.9190884042949,86153.05774022051
QKIVANPSNIQLNTPPQFRLSQLQFGSQNSFLAWGTGKTN,419.5312461637204,66743.81992691137
YRIDNSNVLIPWPGLPKGVKFEPTDEDIIEFLEAKCGIGG,1673.0632519629737,147933.96765352946
VVDDWPGLPRGVKFDPSDPEIIWHLLAKSGLSGLSSHPFI,1828.4348866505463,138986.7104631918
AEHGLENGAKEMADDKEEQEKDRDNENQGEEDPTWADSGD,362.7405590239277,42750.95445332589
QKIVLNPSNIQLNDPPQFRLDQAQAGDQNSFLAWGTGKTN,548.3707057004178,48392.290685292566
DFKRDLEECQKIVLDPSNIELDAPPEFRLAQLEFGAQDSF,1968.7493311412195,155922.17428662165
PDRNDTFWNQGEDEKEDSGAQFILNAQQLVLCLEDSLDAL,1700.693847332867,131444.30541657394
QNPTAANSGSQFILNSQQAVQALSLCNNLLGSQNRQQNTN,222.23381168030164,72238.71527956944
DAKRDLEECQKIVADPSNIELDAPPEARLAQAEFGAQDSA,323.9060873386125,29923.35042000352
DAKRDAEECQKIVADPSNIEADTPPEARASQAEAGSQDSA,351.889648453365,31996.747372574217
QMLNNKQQQQKNRNNQNQGQQNPTWFNSGDQFILNSQQLV,458.3580159476703,83880.64643917118
DFKRDLEECQKIVLDPSNIELDTPPEFRLSQLEFGDQDSF,2365.143257751677,126767.3183295099
DGDLKDKQPCIADEAHLGPEDFKRDLEECQKIVLDPDNIE,407.7477855555253,46695.95059249655
DAKRDLEECQKIVADPSNIELDDPPEARLSQAEFGSQDSA,431.2596317962924,28342.41015653396
EMLDDKEEQEKDRDNENQGEEDPTWFDSGSQFILNDQQLV,822.6543399926494,89242.28837840827
QFILNSQQLVQALSLCNNLLGAQNRQQNTNSGSLKNKQPC,361.5516120078208,45699.62107604076
YAQLPVEDLKKDLEECQRLDPSDGTNLELENASEFRLSQI,594.061895991455,45949.80869951328
KGGKPEKTNWVMHQYHLGTGEDEVEGQYVVSKLLFQQQFK,370.2142512110496,40812.24616310468
QFILNDQQLVQALSLCDNLLGDQDRQENTNSGSLKNKQPC,764.8581557168934,46747.0504916005
HRIASKIKNASGSVDASKHKWVSNPTKACPRCNHIIDNSD,365.2753666772103,33221.40379623968
DYARLGPEHLKKDLEECQNLELDPANIELDTPPEFRLSQL,964.906726074482,74388.31876278434
NFKRNLQQCQKIVLNPSNIQLNDPPQFRLDQLQFGSQNSF,510.1135596577986,85428.62832489307
TWEPDFDSGDQFILNDQQLVEADCSGETLLRDLLNQNEDD,706.9937608748392,46604.906151894815
EDPTWFDSGAQFILNSQQLVEALSLCDDLLGAQDREENTN,1957.340243799814,111067.14342847184
QRFATKIKNASGSSDPSKQKWIGNPSKECPKCSHVIDNSD,391.3104771602127,31299.18226579077
NDPTWFNSGSQFILNSQQLVEALSLCNDLLGSQNREQNTN,1038.5652639769078,99159.92510317732
EMLDDKEEQEKDRDNENQGEEDPTWFDSGAQFILNSQQLV,842.2233008313756,113702.42474968507
SASNHERVAWKSDPCKTCPNCHHVIDNSDVVQEWPGLPRG,495.8193179044735,40001.850322580256
QKIVLNPSNIQLNAPPQFRLSQLQFGAQNSFLAWGTGKTN,447.8594503512464,76261.1353288549
PEDWTFDSGAQFILNAQQLVEADQLCDENEGDLRLNTASL,3731.8558101211543,112792.53764393456
QDPTWFNSGAQFILNAQQLVEALSLCNDLLGAQNREQNTN,921.8047658070916,93435.07112721942
DDHIADDEVDPDDEVDAHEVDLAEDDEVMCMEDEVQSIQP,412.92901559246286,25095.111788025104
QDPTWFNSGDQFILNSQQLVEALSLCNDLLGSQNREQNTN,1468.7733719192483,105443.11881789756
VQEWPGLPRGVKFDPSDQEIIWHLLAKAGNGGIKSHPFIK,410.4258665554145,83012.78961560613
PCLAAYAHLSAEDFKKDLEECQRLEPTDNTNLELDNTDEF,653.9094545085618,38451.112768097766
DAHIAADFVAPADFVAAHEVALAEAAEVMCMEDEVQAIQP,1048.382918011106,90424.69816715752
KKRKNKNQGKKKPTWFKSGSQFILNSQQLVKAASACKKLL,572.0994677244189,83476.63632976632
QKIVLDPSNIELDTPPEFRLAQLEFGSQDSFLAWGTGKTD,3580.224183342373,152644.4932214948
KNRNNQNQGQQNPTWFNSGSQFILNDQQLVQALSLCNNLL,1347.1826174059024,143916.55196010135
SNLPDFTTLPTDKHVGTVQEVVHNPEHNLYQLNRNCEINI,506.8494802751432,88858.61263023809
LVQSVPFEELFSENGSPDLYEEVSTSGKSCQNENAMAAVE,1511.7368404471094,129546.52745050016
LQLSTQADRLWNDFQEDDIPTDFVEDLDGLNGLEDCNSEQ,2554.0216576835687,128874.66803077135
KDRDNENQGEEDPTWFDSGDQFILNSQQLVEALSLCDDLL,1514.5690144091282,101012.55760165716
DAKRDAEECQKIVADPSNIEADDPPEARADQAEAGSQDSA,373.3005317907747,22600.457788180556
STDSTPMFEYEGLEDNSKEWTSLFDNDIPVTTDDVSPADK,2561.582244115605,166157.8502414567
KNRNNQNQGQQNPTAANSGSQFILNSQQLVQALSLCNNLL,381.0710802391412,43446.848372668894
KKRKNKNQGKKKPTAAKSGSQFILNSQQAVKALSLCKKLL,410.122662626742,85112.26055201121
AHMATEKPEDGDNPSSQDPKWWEGESQFLLDSQQLAENLA,1196.710835008652,134543.33321684445
KKPTWFKSGDQFILNDQQLVKALSLCKKAAGDQKRKKNTN,337.09232874781696,28972.94569221213
EDPTWFVQDDINLSEDGQLAFQLSLCDDLLGDQDREENTN,2482.204565768092,93010.60760800214
NFKRNLQQCQKIVLNPSNIQLNTPPQFRLSQLQFGSQNSF,424.9034688635314,86840.51426828824
KNRNNQNQGQQNPTAANSGDQFILNDQQLVQALSLCNNLL,1009.451076914858,103038.3542223122
NFKRNLQQCQKIVLNPSNIQLNTPPQFRLAQLQFGSQNSF,518.2821320750243,72203.35364969794
STDSTPMFEYENLENNSKEWTSLFDNDIPVTTDDVSLADK,2623.964474963117,162443.43980121246
QKIVANPSNIQLNDPPQFRLDQLQFGDQNSFLAWGTGKTN,829.6777638118804,100202.68097584767
PLPDLIAPDKSEIQVNEFRLAQLEFWAQKTASTDFLDGGG,1293.3836775859372,132418.3286551322
PADFVAAHEVALAEAAEVMCMEDEVQAIQPNHERPAAGPE,516.3104491777514,28880.603717520877
DFKRDLEECQKIVLDPSNIELDDPPEFRLSQLEFGSQDSF,2419.056870315741,143578.78502896224
QKIVLNPSNIELNTPPEFRLSQLQFGAQDSFLAWGTGKTN,735.8085206448538,122251.46739439233
EDPTAFDSGSQAILNAQQAVEALSACDDLAGSQDREENTN,360.105834737966,32142.27297849502
DANYEDFNFRSLSYDVGCSVEEELFRVLTGVERSVVDPAL,2905.064603027891,192774.2127172144
IADYAHLGPEDFKRDLEECQKIVLDPSNIELDTPPEFRLD,2555.29401747804,151088.64416796603
LDDEDGQQNQTEALLLFKDNLVDNCPRGLEADFQISWAES,1098.777203930759,106211.89006706954
HRLPQSLTPCVKTGSLQSGGLVQSVPFEELFSENGSPDLY,1637.5281649095243,141674.59388024427
EWDPTFDSGAQFILNAQQLVEATENLADNLGSDLQLRDCE,887.7344851891864,55061.6890757807
IADYAHLGPEDFKRDLEECQKIVLDPSNIELDDPPEFRLS,1412.8614134735185,118084.7891813813
ELDTPPDMLEYPVVTSQEVKDWLGKHPILGLDNTDSQSTT,1686.673648258282,133011.13035869822
FLDEFIHTLVEEDGICRTHPENLPGVKKDGSSCHYFHRPS,3381.250389882579,174570.19911554246
PKTSTITQVRPVISVDEDEIAFDDDSKMVLDSYAEGLENI,671.3291316123186,61265.47589906647
PPTDVSLGDELHLDGEDVAMAHADALDDFDLDMLGDGDSP,2379.1482431578,109363.7181108949
SGSLKDKQPCIAPYAPLGPEDFPRDLEPCQKIVLDPSNIE,486.49227480339925,56033.83868925157
LQCIPWEDGLFDDDRNQSEQFDKGADNNEDTQLELSLVLD,4734.295565209155,187113.02381479708
EDPTWFDSGDQFILNDQQLVEAASACDDLLGDQDREENTN,2465.6608656687195,121031.28661045812
QKIVLDPSNIELDDPPEFFQLLEDRGDQDSFLAWGTGKTD,6113.843042358616,193609.6308367856
EDPTWFDSGDQFILNSQQLVEALSLCDDLLGSQDREENTN,1629.5684393212953,94789.99171081158
LQCIPWEDGLFADARNQSEQFDKGADNNEDTQLELSLVLD,3933.4623140270505,182555.3691917555
QAILNSQQAVEALSACDDLAGDQDREENTNSGSLKDKQPC,401.63223891157554,26346.751539401244
IADYAHLGPEDFKRDLEECQKIVLDPDNIELDDPPEFRLD,2023.6707599312315,115376.73378008552
KDRDNENQGEEDPTWFDSGDQFILNDQQLVEALSLCDDAA,5070.945721627325,187443.04934105385
GDQNREQNTNSGSLKDKQPCIANYAHLGPENFKRDLQECQ,419.258262003097,79232.51659196302
KNRDNQNQGEQDPTWFNSGSQFILNAQQLVEALSLCNDLL,1323.6975889141652,97075.5101741175
GKMWSKKARMDEEFVVNLSEDNLICDESMEASSLWENQVL,1886.1992939566544,129505.75817331036
QKIVLDPSNIELDDPPEFLDLEFQRGDQDSFLAWGTGKTD,5221.147219418557,197724.24050071152
IADYAHLGPEDFKRDLEECQKIVLDPSNIELDDPPEFRLD,2132.907677603027,113587.65752460263
LQLSTQADRLWNDFQEAAIPTAFVEDLDGLNGLEDCNSEQ,3168.436183930939,142966.1847799507
QKIVLNPSNIELNTPPEFRLAQLQFGAQDSFLAWGTGKTN,768.3531222535485,115259.4339909868
QVMEAEHIEQDPSIMGLLCDEHLDGDPLAEDANYEDFNFR,1839.859759233906,103500.33765247566
PEDTWFDSGDQFILNDQQLVEADQLCDENEGDLRLNTDSL,2376.3648465637466,106393.3649387076
KNRNNQNQGQQNPTWFNSGDQFILNDQQLVQALSLCNNLL,1915.3771360298044,149943.12704316803
KIIADRQPGLQKTNDFFALSTEFGDLWAPALSPGLVQDEE,4811.76363774938,189940.80171895557
QKIVLNPSNIQLNTPPQARASQLQFGSQNSFLAWGTGKTN,740.9645955039584,71175.16481132906
KDRDNENQGEEDPTWFDSGAQFILNSQQLVEALSLCDDLL,2018.048207690848,125687.82787996651
VRGGPTTPKTNTPTPPSLVDGVAGDEEAFDDLKMFDPFFE,4892.09711199438,173430.6350988071
QDPTWFNSGSQFILNAQQLVEALSLCNDLLGAQNREQNTN,794.539891879531,82949.1048935258
KNRDNQNQGEQDPTWFNSGAQFILNAQQLVEALSLCNDLL,1333.9891453551663,106655.71358003005
VERSVVDPALDALELDTPPDMLEYPVVTSQEVKDWLGKHP,2855.23354668718,138226.7760911349
QFILNDQQLVEALSLCDDLLGSQDREENTNSGSLKDKQPC,2218.645979986988,132243.92773541788
KNRDNQNQGEQDPTWFNSGDQFILNSQQLVEALSLCNDLL,1857.5858424819132,141756.8712641541
EDPTWFDSGSQFILNSQQLVEALSLCDDLLGDQDREENTN,1462.6947293990434,92001.53895495532
TFDEYLLSTPPAIFPDLKLTSQEASEVMRSIDPNDNSDSL,3255.376639101558,155382.58631466978
KCQHVIDNSDVVDDWPGLPRGVKFDPSDPEIIWHLLAKSG,759.3327175384563,99921.5395231127
KDRDNENQGEEDPTWFDSGDQFILNDQQLVEALSLCDDLL,7995.935881073691,252580.19622520183
QKIVADPSNIELDDPPEFRLDQLEFGDQDSFLAWGTGKTD,6351.76940183113,222198.12840714728
QDPTWFNSGSQFILNSQQLVEALSLCNDLLGAQNREQNTN,1243.986247558612,79097.41327148183
KNRDNQNQGEQDPTWFNSGDQFILNDQQLVEALSLCNDLL,7607.768028075809,248389.4275521124
SADALESIVAEDLPNIPPLPLEEHVFTNQELEVLEKSETI,834.435792409786,68853.94746430403
KNRDNQNQGEQDPTWFNSGAQFILNSQQLVEALSLCNDLL,1446.5938220541043,130429.5226691445
PLPDLITPDKSEIQVNEFRLSQLEFWAQKTSSTDFLDGGG,1507.3526074017195,129278.11871323377
KDRDNENQGEEDPTWFDSGSQFILNSQQLVEALSLCDDLL,2050.7650547654703,116294.06260430082
QNPTWFNSGDQFILNDQQLVQALSLCNNLLGDQNRQQNTN,1457.9031222784338,116797.0482205238
SSSGSTSTNVSRQNQREVFEFEYLDDKVLEELLDSEERKR,2387.906599312992,138400.2278116554
EDPTWFDSGAQFILNAQQLVEALSLCDDLLGAQDREENTN,947.0916596631538,55167.27622932682
QKIVLDPSNIELDTPPEFRLAQLEFGAQDSFLAWGTGKTD,3643.581389971188,171906.82139786327
QKIVLDPSNIELDDPPEFRLSQLEFGSQDSFLAWGTGKTD,4102.460320003181,185667.51356348625
PEDTWFDSGSQFILNSQQLVEADQLCDENEGDLRLNTSSL,1416.6733166598117,106561.18586024673
DFKRDLEECQKIVLDPSNIELDAPPEFRLSQLEFGAQDSF,2407.936148631918,148546.38743238975
QNPTAANSGSQFILNSQQLVQALSLCNNLLGSQNRQQNTN,465.61622566696974,31974.127861381567
QDPTWFNSGSQFILNAQQLVEALSLCNDLLGSQNREQNTN,1009.5895693069274,82296.48186049232
QKIVLDPSNIELDAPPEFRLSQLEFGAQDSFLAWGTGKTD,3361.107970179668,141265.67827278853
KIISDRQPGLQKTNDFFSLSTEFGDLWTPALSPGLVQDEE,4448.638535080287,203183.18455481651
QKIVLNPSNIELNAPPEFRLAQLQFGSQDSFLAWGTGKTN,586.712085259122,79776.41996374191
QKIVLDPSNIELDAPPEFRLAQLEFGAQDSFLAWGTGKTD,2765.4247636347272,159930.98911178825
VIEHLEAKCGIDGLKPHLLIQDFICSVTQDVGINYTHPQN,596.3132062594008,75435.7755478843
QNPTWFNSGDQFILNDQQLVQALSLCNNLLGSQNRQQNTN,1044.4741487964634,91716.1645885758
LDEEGSWGLDQVMEAEHIEQDPSIMGLLCDEHLDGDPLAE,2954.1290176430407,129241.86109003874
ARKGFKPEKSNWVLHQYHLGTEEGEIGEYVVSKITYQQPK,1058.5380036228262,41349.74890285316
GIDDDEDLALSENSPEQSLQTWQLELFGCQDFLNSTSVRN,4034.286470345368,199619.4811366967
PEDWTFDSGDQFILNDQQLVEADQLCDENEGDLRLNTDSL,2748.1972787083573,119289.23664594746
QKIVLDPDNIELDDPPEFRLDQLEFGDQDDFLAWGTGKTD,7819.101333545605,238991.490616818
IADYAHLGPEDFKRDLEECQKIVLDPSNIELDTPPEFRLS,2275.264816348025,139076.63496679612
EDPTWFDSGSQFPLNSQQLPEALSLPDDLLGSQDREENTN,1307.0563107680969,80160.01411262987
WDETPFDSGAQFILNAQQLVEALNDQELARDNELDSLCGT,2144.822262488543,144295.8194510498
DAKRDLEECQKIVADPSNIELDTPPEARLDQAEFGSQDSA,395.5881093365021,33785.29132531805
QKIVLNPSNIELNTPPEFRLDQLQFGDQDSFLAWGTGKTN,2987.5587658455,200969.35744913592
LDDEDGQQNQTESLLLFKDNLVDNCPRGLESDFQISWAES,1222.477462213638,110640.55990933297
EDPTWFDSGSQFILNAQQLVEALSLCDDLLGAQDREENTN,911.941410427732,60260.31755287573
NEQNEDDRTEPKDGWFDSGSQFILNSQQLSLDVCDLALEL,6942.353392275804,245879.48891036125
QKIVLDPSNIELDAPPEFRLSQLEFGSQDSFLAWGTGKTD,3397.495276911477,165016.7148842356
NFKRDLQECQKIVLNPSNIELNDPPEFRLDQLQFGDQDSF,1487.784761572883,120465.23621716592
EDPTWFDSGDQFILNDQQLVEALSLCDDAAGDQDREENTN,2527.3366293797785,80292.94998523024
GDNEQDEPREKTDNWFDSGDQFILNDQQLVDLDECALLSL,7709.606696117894,256162.20408059837
EDPTWFVQDAINLSEAGQLAFQLSLCDDLLGAQDREENTN,2449.0771872441587,114415.65600957636
KDRDNENQGEEDPDWFDDGDQFILNDQQLVEALSLCDDLL,7901.421028273694,241383.8521769656
IADYAHLGPEDFKRDLEECQKIVLDPSNIELDAPPEFRLA,1611.4327731626108,129783.82552095698
QKIVLDPSNIELDTPPEFRLSQLEFGSQDSFLAWGTGKTD,3755.4807096777913,159967.19434747228
PWPGLPKGVKFEPTDEDIIEFLEAKCGIGGSEPHVLIEEF,2739.6721413144624,182217.9852778615
KNRDNQNQGEQDPTWFNSGSQFILNSQQLVEALSLCNDLL,1490.7565955025889,130625.47712098388
QKIVLDPSNIELDDPPEFRLSQLEFGDQDSFLAWGTGKTD,5234.564460205342,195900.27623413072
EDPTWFDSGDQFILNDQQLVEALSLCDDLLGDQDREENTN,7749.057090162428,244723.3531479048
QNPTWFNSGDQFILNDQQLVQAASACNNLLGDQNRQQNTN,517.3812043582868,58279.42365778942
KDRDNENQGEEDPTIDSLWQFNGLWVQSESAQLSLCDDLL,8022.741387135392,257709.8718647614
GEDESFQAVNLDEEGSWGLDQVMEAEHIEQDPSIMGLLCD,3330.3524067342905,174444.53592394487
TVGDFDGFSISDLENADLGTPPDFLTLASQESLLNWIGWL,8181.397766104787,261045.0595895016
EDPTWFDSGSQFILNSQQLVEALSLCDDLLGAQDREENTN,1876.4951979733623,109174.15422661528
EMLDDKEEQEKDRDNENQGEEDPDWFDDGDQFILNDQQLV,985.9562111969065,83061.2829526281
WDETPFDSGDQFILNDQQLVEALNDQELDRDNELDSLCGT,4319.018306029348,181916.45353134503
DPTEWFDSGDQFILNDQQLVEAQCLDDNLTRELESNDGDL,3486.0693024425373,150034.5125166291
QKIVLDPSNIELDTPPEFRLSQAEAGSQDSFLAWGTGKTD,835.7379812934885,75844.36486543846
EDPTLDLFSSVSEQFGNQAQWILSLCDDLLGSQDREENTN,7787.177177817465,245138.61659639888
IADYAHLGPEDFKRDLEECQKIVLDPSNIELDAPPEFRLS,1514.112710274305,132137.10004268508
LDDEDGQQNQTEDLLLFKDNLVDNCPRGLEDDFQISWAES,3475.401283374691,159127.6897785698
DANLDIEGGGGVDGLLDTPYHFNPHTDYFYTFDEYLLSTP,7636.190064426728,231644.82486661992
EDPTWFDSGSQFILNDQQLVEALSLCDDLLGSQDREENTN,7720.008308419024,228839.1674230352
EDPTWFDSGAQFPLNAQQLPEALSLPDDLLGAQDREENTN,1560.9156272452688,87519.15410451536
QFILNDQQLVEALDLCDDLLGDQDREENDNDGDLKDKQPC,2566.65021258385,128021.0632797417
QDPTWFNSGAQFILNSQQLVEALSLCNDLLGSQNREQNTN,1064.068865279709,106290.39050837969
QKIVLNPSNIELNTPPEFRLDQLQFGSQDSFLAWGTGKTN,2181.662255428742,129917.99471445872
QKIVLDPANIELDAPPEFRLAQLEFGAQDAFLAWGAGKAD,2771.99209329554,173197.27259738036
STIPLDFMPRDALHGFDWSEEDDMSDGLPFLKTDPNNNGF,5071.236823632092,201111.6774062545
DFKRDLEECQKIVLDPSNIELDTPPEFRLAQLEFGSQDSF,2456.5426789776493,157043.25691380122
DAKRDLEECQKIVADPSNIELDTPPEARLAQAEFGAQDSA,342.8090855310476,31039.72216845543
QKIVLDPSNIELDAPPELEQLFARFGAQDSFLAWGTGKTD,4618.693335009858,191199.03014551965
NFKRDLQECQKIVLNPSNIELNTPPEFRLDQLQFGSQDSF,1224.5626477506023,147050.18730181752
PNPSLGTVGDFDGFSISDLENADLGTPPDFLTLASQESLL,7910.352281903847,248545.7487202536
KDRDNENQGEEDPTWFIDSLQFNGLVQSESAQLSLCDDLL,7412.540651481718,249597.8535949188
DFKRDLEECQKIVLDPSNIELDAPPEFRLSQLEFGSQDSF,2732.580330959172,152094.93432296417
EDPTWFDSGSQFILNSQQLVEAASACDDLLGSQDREENTN,1096.6778894198565,108672.09937939746
QNPTWFNSGSQFILNDQQLVQALSLCNNLLGDQNRQQNTN,1036.8760057724485,82977.52767451594
KDRDNENQGEEDPTWFDSGSQFILNSQQLVEAASACDDLL,1471.4055569890654,148341.49338247225
KDRDNENQGEEDPTWFDSGDQFILNDQQLVEAASACDDLL,2571.735090905459,157889.132530618
QKIVLDPSNIELDDPPEFRLDQLEFGSQDSFLAWGTGKTD,5492.552737527376,163627.33006410417
VDVNRFKDYTELRCELARMFNLDGQLDPTVGWQLVFTDNE,1761.660754417415,162437.091423444
STGQVLFAIDDFRWLLAPADEQLGKEAILSDQFGKPTPEN,5330.044548379356,219349.81437553145
KDRDNENQGEEDPTWFDSGSQFILNDQQLVEALSLCDDLL,7869.334284229805,245740.35817658243
KDRDNENQGEEDPTAADSGDQFILNDQQLVEALSLCDDLL,5279.055580859647,194985.1176967976
QKIVLDPSNIELDDPPELEQLFDRFGDQDSFLAWGTGKTD,7312.472179930671,239839.20428827452
KDRDNENQGEEDPTDAALQWAFFNIQGQELVSLSLCDDLL,7296.099968983595,232334.35816003516
EDPTAADSGDQFILNDQQAVEALSLCDDLLGDQDREENTN,815.5512151677515,51579.62424489536
KDRDNENQGEEDPTWFIDALQFNGLVQAESAQLSLCDDLL,8002.887837916528,257526.71120507384
SLSYDVGCSVEEELFRVLTGVERSVVDPALDALELDTPPD,3662.847542388767,187812.42211188
EIDQISDPTKLPVNLEPFRLSQLEFTGDDTSGAGLKFQWS,2156.446009997929,146102.09479534603
EDPTWFVEFANISLDLQSQQGSLSLCDDLLGSQDREENTN,4571.711462153163,180111.05138281678
QFILNDQQLVEALSLCDDLLGDQDREENTNSGSLKDKQPC,2267.309768898257,131067.41272675629
VIGLTDLECDEELLPISWDWDANLDIEGGGGVDGLLDTPY,8082.742247297119,250288.3543161048
STGQVLFSIDDFRWLLSPTDEQLGKEAILSDQFGKPTPEN,5508.450705063336,211714.39860488597
QKIVLNPSNIELNDPPEFRLDQLQFGDQDSFLAWGTGKTN,2699.72926535402,162982.37549374963
DFKRDLEECQKIVLDPSNIELDTPPEFRLAQLEFGAQDSF,2536.321888562858,177820.75774273815
QKIVLNPSNIELNDPPEFRLDQLQFGSQDSFLAWGTGKTN,2008.406332284104,137916.8573378375
QKIVLDPSNIEADTPPEFRLSQLEFGSQDSFLAWGTGKTD,2897.0208020481514,155919.80985652533
KNRDNQNQGEQDPTWFNSGSQFILNDQQLVEALSLCNDLL,7049.093289429242,244846.7775395348
STDSTPMFEYENLEDNSKEWTSLFDNDIPVTTDDVSLADK,3188.980214116579,178085.36890135807
GDNEQDEPREKTDNWFDSGSQFILNSQQLVDLDECALLSL,6009.742893707891,234835.44194211127
QKIVLDPSNIELDDPPEFRLDQAEAGDQDSFLAWGTGKTD,1752.097879852332,99556.36880751548
DPSIMGLLCDEHLDGDPLAEDANYEDFNFRSLSYDVGCSV,1612.7969904896097,161576.0665252683
LEPTDNTNLELDNTDEFRLSQIEFSQDSFMTWAAEKITDD,4846.559422145327,204730.5237088748
ASSLWENQVLPNPSLGTVGDFDGFSISDLENADLGTPPDF,6142.976457813946,199909.8175007469
PAGVRFDPSDEELLEHLAAKIGRSSRKPHPFLDEFIHTLV,1201.5826765746326,143984.5729594068
WIGNPSKECPKCSHVIDNSDVVHQWPGLPKGVKFDPSDQE,477.3292683425017,47472.20656425703
EDPAWFDAGAQFILNAQQLVEALALCDDLLGAQDREENAN,1836.8362667004676,126381.8575563678
EEELFRVLTGVERSVVDPALDALELDTPPDMLEYPVVTSQ,4749.620316958152,197835.7196382143
DPTEWFDSGSQFILNSQQLVEAQCLDDNLTRELESNDGSL,2845.1040703276453,142957.96491728578
NTPTPPSLVDGVAGDEEAFDDLKMFDPFFEELDSIPEAAL,7624.107302527237,246950.1196748946
FFQKQPRQCTGGKQYDGVFAEGNSSKAETCQPQPRSNREI,308.7501305640808,30093.33173374384
EDPTWFVQDSINLSESGQLAFQLSLCDDLLGSQDREENTN,1721.6968349440274,89576.28995618442
GIDDDEDLALAENAPEQALQTWQLELFGCQDFLNATAVRN,2260.782338202906,184297.9567612421
DEFIPTVEEDEGICYTHPQKLPGVKQNGSVSHFFHRTFKA,368.7983557700071,69122.83382329135
PEDWTFDSGSQFILNSQQLVEADQLCDENEGDLRLNTSSL,1887.5037516154791,127009.99416252405
QFILNDQQLVEALSLCDDLLGDQDREENDNDGDLKDKQPC,2327.422702492604,119954.02175836006
DFKRDLEECQKIVLDPSNIELDDPPEFRLDQLEFGDQDSF,4785.668574568285,173034.53407212772
KDRDNENQGEEDPTALQEQNDFFVDSIWGQDLLSLCDDLL,8124.173937792122,257693.7210342774
PEDTWFDSGAQFILNAQQLVEADQLCDENEGDLRLNTASL,2447.625261979349,136091.78274601218
EIDQISDPDKLPVNLEPFRLDQLEFTGDDTSGAGLKFQWD,4865.93437916407,176309.72933765218
QKIVLDPSNIELDTPPEFRLSQLEFGAQDSFLAWGTGKTD,4182.268948670053,185950.47131860175
DFKRDLEECQKIVLDPSNIELDTPPEFRLSQLEFGAQDSF,3003.2786658031723,183703.89544227405
DFKRDLEECQKIVLDPDNIELDDPPEFRLDQLEFGDQDDF,4503.8848440193815,177524.81296206848
EDPTWFSLGQVNQSDEFIALQSLSLCDDLLGSQDREENTN,3052.826730883165,134242.02408646664
KKDLEECQNLELDPANIELDTPPEFRLSQLEFGSQDSFMA,2930.382024868327,202614.33607567483
QKIVADPSNIELDTPPEFRLSQLEFGSQDSFLAWGTGKTD,3231.815321078041,162051.81638687794
DFKRDLEECQKIVLDPANIELDAPPEFRLAQLEFGAQDAF,2289.782221882971,163022.9921889213
DEEFVVNLSEDNLICDESMEASSLWENQVLPNPSLGTVGD,1405.9553826082667,153343.73848879285
PYPVMDTEGNVIGLTDLECDEELLPISWDWDANLDIEGGG,8144.202161259428,258340.77662336195
DFKRDLEECQKIVLDPSNIELDDPPEFRLDQLEFGSQDSF,4672.438512070873,161269.55809074777
SQFELLDSQQLAEGLALCDEFLLSQSQTSCGGGDEPRETK,4779.495023084023,171320.99790729742
QKIVLDPSNIELDTPPEFFQLLESRGSQDSFLAWGTGKTD,4268.793438016255,182926.2666393099
NFKRDLQECQKIVLNPSNIELNTPPEFRLDQLQFGDQDSF,1606.0019468410208,165223.81174845234
YPPRDDYHEQPYPVMDTEGNVIGLTDLECDEELLPISWDW,8088.228883167395,257569.80867480693
STDSTPMFDYDNLEDNSKDWTSLFDNDIPVTTDDVSLADK,4526.084202552756,205281.10430713068
EHLDGDPLAEDANYEDFNFRSLSYDVGCSVEEELFRVLTG,7580.659248516009,249335.7340148567
KDRDNENQGEEDPTIDDLWQFNGLWVQDESAQLSLCDDLL,8188.708270190978,260741.73247696436
QKIVLDPSNIELDTPPEFRLDQLEFGSQDSFLAWGTGKTD,6456.394827494932,222425.72017451675
QDPTWFNSGSQFILNSQQLVEALSLCNDLLGDQNREQNTN,1184.0507107636363,88102.30530099769
CQRLEPTDNTNLELDNTDEFRLSQIEFSQDSFMTWAAEKI,3739.745352359249,190300.29470122125
KIIDDRQPGLQKTNDFFDLSTEFGDLWDPALSPGLVQDEE,7469.705951267386,238651.23973228323
DTCGFFNQITLEQDDDNWEAGRELLLDDSDLQVLEDSPNQ,4960.355765214932,175766.0168600569
ATCGFFNQITLEQADDNWEAGRELLLDASDLQVLEDSPNQ,3844.664614869844,180768.38295899372
DLKMFDPFFEELDSIPEAALGKMWSKKARMDEEFVVNLSE,5860.30183785616,217607.5706727531
GDNEQDEPREKTDNWFDSGAQFILNAQQLVDLDECALLSL,7998.402048762416,257329.53972125135
PLPDLIDPDKSEIQVNEFRLDQLEFWAQKTDSTDFLDGGG,4864.078481577417,197849.4476565168
EIDQISDPAKLPVNLEPFRLAQLEFTGDDTSGAGLKFQWA,1590.8206316694416,140472.73414157127
EDPTWFDSGAQFILNAQQLVEAASACDDLLGAQDREENTN,2828.90631415298,144613.83720642954
EDPDWFDDGDQFILNDQQLVEALDLCDDLLGDQDREENDN,7153.54526466816,224183.3208565299
QKIVLNPSNIELNTPPEFRLSQLQFGDQDSFLAWGTGKTN,952.714207095402,129884.12780374916
QKIVLDPSNIELDAPPEFRLAQLEFGSQDSFLAWGTGKTD,2610.4531231413785,141554.2569813803
GVKFDPSDPEIIWHLLAKSGLSGLSSHPFIDEFIPTVNQD,1483.6656770064103,114521.56773056084
EDPTWFDSGSQFILNDQQLVEALSLCDDLLGDQDREENTN,7859.524263088981,244972.65781804448
STCGFFNQITLEQSDDNWEAGRELLLDSSDLQVLEDSPNQ,3043.755404018672,166144.1615433355
QDPTWFNSGSQFILNDQQLVEALSLCNDLLGDQNREQNTN,5985.1398045505175,208744.301369296
EWDPTFDSGDQFILNDQQLVEATENLDDNLGSDLQLRDCE,2507.4350875471373,132104.86541832954
EDPTWFSLGQVNQDDEFIALQDLSLCDDLLGDQDREENTN,3058.4169260548188,116533.00781067408
DFKRDLEECQKIVLDPSNIELDTPPEFRLSQLEFGSQDSF,2709.6187345397298,164556.1368335748
KDRDNENQGEEDPTIDALWQFNGLWVQAESAQLSLCDDLL,6942.265889620265,225292.95157649103
STGQVLFDIDDFRWLLDPDDEQLGKEAILSDQFGKPTPEN,6202.968470954816,215870.3081919964
GVDGLLDTPYHFNPHTDYFYTFDEYLLSTPPAIFPDLKLT,7700.637147679518,235259.83753911688
QKIVLDPANIELDAPPEFRLAQLEFGAQDAFLAWGTGKTD,3123.529622078261,172835.63860080377
DFKRDLEECQKIVLDPSNIELDDPPEFRLSQLEFGDQDSF,3295.887940106766,144476.94973933828
KDRDNENQGEEDPTWFDFLIVEQNGDDQQLASLSLCDDLL,7910.213033526557,247313.9770593404
FEPTDEDIIEFLEAKCGIGGSEPHVLIEEFIRPVTEDVGI,5944.043127910543,243431.0996802426
KDRDNENQGEEDPTWFIDDLQFNGLVQDESAQLSLCDDLL,8105.512490441551,257132.33183597567
EDPTLDLFSAVAEQFGNQAQWILSLCDDLLGAQDREENTN,5890.347671394825,208460.7505828287
EDPDWFDDGDQFILNDQQLVEALSLCDDLLGDQDREENDN,7590.539870206733,231974.82904801224
QKIVLDPSNIELDTPPEFLSLEFQRGSQDSFLAWGTGKTD,2706.705175796305,159665.51476318296
GDNPSSQDPKWWEGESQFLLDSQQLAENLAICDEFLQSQS,6764.830207881262,243815.2913199058
QKIVLDPSNIELDTPPEFRLSQLEFGDQDSFLAWGTGKTD,5492.192069430545,194615.41447755328
EDPTWFDSGDQFPLNDQQLPEALSLPDDLLGDQDREENTN,1945.0001866939413,128860.84382635244
QDPTWFNSGSQFILNDQQLVEALSLCNDLLGSQNREQNTN,5416.485555191511,202157.02830090863
QDPTWFNSGDQFILNSQQLVEALSLCNDLLGDQNREQNTN,2102.650858909066,127829.1866904816
EDPTVEFANISLDWLQSQQGFSLSLCDDLLGSQDREENTN,7344.971155054582,222530.75635720268
QKIVLDPSNIELDTPPELEQLFSRFGSQDSFLAWGTGKTD,4949.882141938566,199179.9409829921
VVSSAPSSSCLDFLWEENNPDTLLIDTQWLEDIIMGDANK,8118.586601275229,256025.91445561475
GIDDDEDLALDENDPEQDLQTWQLELFGCQDFLNDTDVRN,7399.923314226199,230086.3608353363
NTQLAQGALDIDLFDKWGFPFLGEIAVPEQDPLSETRSKA,5627.714334481057,197531.46598596656
DFKRDLEECQKIVLDPSNIELDTPPEFRLDQLEFGSQDSF,4798.724356269141,197743.55018393067
SQDQKLWEGDSQFELLDSQQLAEGLALCDEFLLSQSQTSC,6582.626988845258,223161.07086903165
QKIVLDPSNIELDDPPEFRLDQLEFGDQDSFLAWGTGKTD,7168.293182744235,239689.172638394
QKIVLDPSNIELDTPPEFRLDQLEFGDQDSFLAWGTGKTD,6555.827506053718,232187.67822039325
NTQLAQGSLDIDLFDKWGFPFLGEISVPEQDPLSETRSKT,7596.353768114813,243769.37704427636
EDPTWFVEFANIALDLQAQQGSLSLCDDLLGAQDREENTN,5964.853129234407,230180.63163318732
QPSPLVPINKIEDEDLDFRLDQLEFGTFGDDQLDWAKTGS,5192.938261549164,203944.91697463795
EDPTVEFANIALDWLQAQQGFSLSLCDDLLGAQDREENTN,7352.717874673233,235946.1812175914
EELLPISWDWDANLDIEGGGGVDGLLDTPYHFNPHTDYFY,8180.043001243283,261341.8720194278
EDPTDDDAIQQLWNQGFLFVESLSLCDDLLGDQDREENTN,6731.325593859571,230278.36114253185
EDPTSDSAIQQLWNQGFLFVESLSLCDDLLGSQDREENTN,6106.128404592119,222086.43633889887
PSPSSSVDNLNDYLTDINSLAWGVNSLNDEFWTDLFMNDI,8175.449533695293,261419.54804355768
DFKRDLEECQKIVLDPSNIELDTPPEFRLDQLEFGDQDSF,5678.48522859591,215703.95961783544
QKIVLDPSNIEADDPPEFRLDQLEFGDQDSFLAWGTGKTD,5434.134566836515,205258.16365537385
EDPTWFVEFANIDLDLQDQQGSLSLCDDLLGDQDREENTN,5720.845764901421,193579.48435025584
KDRDNENQGEEDPDWFDDGDQFILNDQQLVEALDLCDDLL,8038.496261128965,249661.3578698868
KDRDNENQGEEDPTWFVDLQNALIEDSGQFQDLSLCDDLL,7415.792591649691,233812.84023975983
QKIVLDPDNIELDDPPEFRLDQLEFGDQDDFLAWGDGKDD,7826.790086875273,242293.75167269813
QDPTWFNSGDQFILNDQQLVEALSLCNDLLGDQNREQNTN,6193.919861403602,185173.3258433471
QDPTWFNSGDQFILNDQQLVEALSLCNDLLGSQNREQNTN,6883.044254881592,228808.77872491328
DDAVVESFFSSSTDSTPMFEYENLEDNSKEWTSLFDNDIP,8055.707854036688,254667.27465401357
HFNPHTDYFYTFDEYLLSTPPAIFPDLKLTSQEASEVMRS,4444.689682812472,174246.50132302707
EDPTWFDSGDQFILNDQQLVEALSLCDDLLGSQDREENTN,7960.852191045254,243705.2112339672
EDPTWFDSGDQAIANDQQLVEALSLCDDLLGDQDREENTN,2769.615372232891,112896.55818536556
EDPTADAAIQQLWNQGFLFVESLSLCDDLLGAQDREENTN,5603.789064406522,230752.2689744873
EDPTWFSLGQVNQADEFIALQALSLCDDLLGAQDREENTN,3894.484062060681,161014.94231979633
